"quadrat","year","month","day","project_year"
"A1",1915,6,8,1915
"A1",1915,10,13,1915
"A1",1916,5,24,1916
"A1",1917,6,19,1917
"A1",1917,9,19,1917
"A1",1918,9,23,1918
"A1",1919,7,11,1919
"A1",1919,10,17,1919
"A1",1920,10,27,1920
"A1",1921,10,20,1921
"A1",1922,10,17,1922
"A1",1923,10,25,1923
"A1",1924,10,26,1924
"A1",1925,10,21,1925
"A1",1926,9,15,1926
"A1",1927,9,1,1927
"A1",1928,9,18,1928
"A1",1929,9,25,1929
"A1",1930,8,29,1930
"A1",1931,9,28,1931
"A1",1932,9,28,1932
"A1",1933,10,17,1933
"A1",1934,10,31,1934
"A1",1935,5,22,1935
"A1",1935,10,9,1935
"A1",1936,10,23,1936
"A1",1937,10,15,1937
"A1",1938,9,23,1938
"A1",1940,1,9,1939
"A1",1941,2,11,1940
"A1",1942,1,8,1941
"A1",1942,10,9,1942
"A1",1943,12,17,1943
"A1",1944,9,23,1944
"A1",1945,9,20,1945
"A1",1947,2,17,1946
"A1",1947,9,26,1947
"A1",1949,9,1,1949
"A1",1950,11,2,1950
"A1",1951,8,24,1951
"A1",1952,9,18,1952
"A1",1956,8,17,1956
"A1",1957,8,13,1957
"A1",1958,9,25,1958
"A1",1959,9,17,1959
"A1",1960,8,19,1960
"A1",1961,9,15,1961
"A1",1965,10,22,1965
"A1",1966,10,20,1966
"A1",1968,8,13,1968
"A1",1969,9,11,1969
"A1",1971,7,29,1971
"A1",1972,8,8,1972
"A1",1973,8,14,1973
"A1",1974,6,28,1974
"A1",1975,8,5,1975
"A1",1976,7,27,1976
"A1",1977,7,15,1977
"A1",1995,10,18,1995
"A1",2001,10,30,2001
"A1",2006,11,9,2006
"A1",2011,12,1,2011
"A1",2016,11,15,2016
"A2",1915,6,8,1915
"A2",1915,10,13,1915
"A2",1916,5,24,1916
"A2",1916,9,8,1916
"A2",1917,6,19,1917
"A2",1917,9,19,1917
"A2",1918,9,23,1918
"A2",1919,7,11,1919
"A2",1919,10,17,1919
"A2",1920,10,27,1920
"A2",1921,10,20,1921
"A2",1922,10,17,1922
"A2",1923,10,25,1923
"A2",1924,10,25,1924
"A2",1925,10,21,1925
"A2",1926,9,15,1926
"A2",1927,9,1,1927
"A2",1928,9,18,1928
"A2",1929,9,25,1929
"A2",1930,8,29,1930
"A2",1931,9,28,1931
"A2",1932,9,28,1932
"A2",1933,10,17,1933
"A2",1934,10,31,1934
"A2",1935,5,22,1935
"A2",1935,10,9,1935
"A2",1936,10,23,1936
"A2",1937,10,15,1937
"A2",1938,9,23,1938
"A2",1940,1,9,1939
"A2",1941,2,11,1940
"A2",1942,1,8,1941
"A2",1942,10,9,1942
"A2",1943,12,17,1943
"A2",1944,9,23,1944
"A2",1945,9,20,1945
"A2",1947,2,17,1946
"A2",1947,9,26,1947
"A2",1949,9,1,1949
"A2",1950,11,2,1950
"A2",1951,8,24,1951
"A2",1952,9,18,1952
"A2",1956,8,17,1956
"A2",1957,8,13,1957
"A2",1958,9,25,1958
"A2",1960,8,19,1960
"A2",1961,9,15,1961
"A2",1965,10,22,1965
"A2",1966,10,20,1966
"A2",1968,8,13,1968
"A2",1971,7,29,1971
"A2",1972,8,14,1972
"A2",1974,7,3,1974
"A2",1976,7,28,1976
"A2",1995,10,18,1995
"A2",2001,10,25,2001
"A2",2006,11,8,2006
"A2",2011,11,30,2011
"A2",2016,11,15,2016
"A3",1915,6,8,1915
"A3",1915,10,13,1915
"A3",1916,5,24,1916
"A3",1916,9,8,1916
"A3",1917,6,19,1917
"A3",1917,9,19,1917
"A3",1918,9,23,1918
"A3",1919,7,11,1919
"A3",1919,10,17,1919
"A3",1920,10,27,1920
"A3",1921,10,20,1921
"A3",1924,10,25,1924
"A3",1925,10,21,1925
"A3",1926,9,15,1926
"A3",1927,9,1,1927
"A3",1928,9,18,1928
"A3",1929,9,25,1929
"A3",1930,8,29,1930
"A3",1931,9,28,1931
"A3",1932,9,28,1932
"A3",1933,10,17,1933
"A3",1934,10,31,1934
"A3",1935,5,22,1935
"A3",1935,10,9,1935
"A3",1936,10,23,1936
"A3",1937,10,15,1937
"A3",1938,9,23,1938
"A3",1940,1,9,1939
"A3",1941,2,11,1940
"A3",1942,1,8,1941
"A3",1942,10,9,1942
"A3",1943,12,17,1943
"A3",1944,9,23,1944
"A3",1945,9,20,1945
"A3",1947,2,17,1946
"A3",1947,9,26,1947
"A3",1949,9,1,1949
"A3",1950,11,2,1950
"A3",1951,8,24,1951
"A3",1952,9,18,1952
"A3",1953,9,21,1953
"A3",1955,9,22,1955
"A3",1956,8,17,1956
"A3",1958,9,25,1958
"A3",1959,9,17,1959
"A3",1960,8,19,1960
"A3",1961,9,15,1961
"A3",1965,10,22,1965
"A3",1966,10,20,1966
"A3",1968,8,13,1968
"A3",1969,9,11,1969
"A3",1970,8,17,1970
"A3",1971,7,29,1971
"A3",1972,8,14,1972
"A3",1974,6,28,1974
"A3",1975,8,5,1975
"A3",1976,7,27,1976
"A3",1977,7,21,1977
"A3",1995,10,18,1995
"A3",2001,10,25,2001
"A3",2006,11,8,2006
"A3",2011,11,30,2011
"A3",2016,11,15,2016
"A4",1915,6,9,1915
"A4",1915,10,13,1915
"A4",1916,5,24,1916
"A4",1916,9,8,1916
"A4",1917,6,19,1917
"A4",1917,9,19,1917
"A4",1918,9,23,1918
"A4",1919,7,11,1919
"A4",1919,10,17,1919
"A4",1920,10,27,1920
"A4",1921,10,20,1921
"A4",1922,10,17,1922
"A4",1923,10,25,1923
"A4",1924,10,26,1924
"A4",1925,10,21,1925
"A4",1926,9,15,1926
"A4",1927,9,1,1927
"A4",1928,9,18,1928
"A4",1929,9,25,1929
"A4",1930,8,29,1930
"A4",1931,9,28,1931
"A4",1932,9,28,1932
"A4",1933,10,17,1933
"A4",1934,10,31,1934
"A4",1935,5,21,1935
"A4",1935,10,9,1935
"A4",1936,10,23,1936
"A4",1937,10,15,1937
"A4",1938,9,23,1938
"A4",1940,1,9,1939
"A4",1941,2,11,1940
"A4",1942,1,8,1941
"A4",1942,10,9,1942
"A4",1943,12,17,1943
"A4",1944,9,23,1944
"A4",1945,9,20,1945
"A4",1947,2,17,1946
"A4",1947,9,26,1947
"A4",1949,9,1,1949
"A4",1950,11,3,1950
"A4",1951,8,24,1951
"A4",1952,9,18,1952
"A4",1956,8,17,1956
"A4",1957,8,13,1957
"A4",1958,9,25,1958
"A4",1959,9,17,1959
"A4",1960,8,19,1960
"A4",1961,9,15,1961
"A4",1965,10,22,1965
"A4",1966,10,20,1966
"A4",1968,8,13,1968
"A4",1969,9,11,1969
"A4",1970,8,17,1970
"A4",1971,7,28,1971
"A4",1972,7,28,1972
"A4",1972,8,8,1972
"A4",1974,6,28,1974
"A4",1975,8,5,1975
"A4",1977,7,20,1977
"A4",1995,10,18,1995
"A4",2001,10,25,2001
"A4",2006,11,8,2006
"A4",2011,11,30,2011
"A4",2016,11,15,2016
"A5",1915,6,9,1915
"A5",1915,10,14,1915
"A5",1916,5,24,1916
"A5",1916,9,8,1916
"A5",1917,6,19,1917
"A5",1917,9,19,1917
"A5",1918,9,23,1918
"A5",1919,7,11,1919
"A5",1919,10,17,1919
"A5",1920,10,27,1920
"A5",1921,10,20,1921
"A5",1922,10,17,1922
"A5",1923,10,25,1923
"A5",1924,10,26,1924
"A5",1925,10,21,1925
"A5",1926,9,15,1926
"A5",1927,9,1,1927
"A5",1928,9,18,1928
"A5",1929,9,25,1929
"A5",1930,8,29,1930
"A5",1931,9,28,1931
"A5",1932,9,28,1932
"A5",1933,10,17,1933
"A5",1934,10,31,1934
"A5",1935,5,22,1935
"A5",1935,10,9,1935
"A5",1936,10,23,1936
"A5",1937,10,15,1937
"A5",1938,9,23,1938
"A5",1940,1,9,1939
"A5",1941,2,11,1940
"A5",1942,1,8,1941
"A5",1942,10,9,1942
"A5",1943,12,17,1943
"A5",1944,9,23,1944
"A5",1945,9,20,1945
"A5",1947,2,17,1946
"A5",1947,9,26,1947
"A5",1949,9,1,1949
"A5",1950,11,3,1950
"A5",1951,8,24,1951
"A5",1952,9,18,1952
"A5",1956,8,17,1956
"A5",1957,8,14,1957
"A5",1958,9,25,1958
"A5",1959,9,17,1959
"A5",1960,8,19,1960
"A5",1961,9,15,1961
"A5",1965,10,22,1965
"A5",1966,10,20,1966
"A5",1968,8,13,1968
"A5",1971,7,29,1971
"A5",1972,8,14,1972
"A5",1974,6,28,1974
"A5",1975,8,5,1975
"A5",1976,7,28,1976
"A5",1977,7,20,1977
"A5",1995,10,3,1995
"A5",2001,10,25,2001
"A5",2006,11,8,2006
"A5",2011,11,30,2011
"A5",2016,11,15,2016
"AR1",1926,9,15,1926
"AR1",1927,9,1,1927
"AR1",1928,9,19,1928
"AR1",1929,9,11,1929
"AR1",1930,8,29,1930
"AR1",1931,9,28,1931
"AR1",1932,9,28,1932
"AR1",1933,10,20,1933
"AR1",1934,11,1,1934
"AR1",1935,7,23,1935
"AR1",1935,10,9,1935
"AR1",1936,10,23,1936
"AR1",1937,10,15,1937
"AR1",1938,9,23,1938
"AR1",1940,1,8,1939
"AR1",1941,2,13,1940
"AR1",1942,1,9,1941
"AR1",1942,10,9,1942
"AR1",1943,11,17,1943
"AR1",1945,3,12,1944
"AR1",1945,9,24,1945
"AR1",1946,12,17,1946
"AR1",1948,1,22,1947
"AR1",1949,9,7,1949
"AR1",1950,11,2,1950
"AR1",1951,8,24,1951
"AR1",1952,9,18,1952
"AR1",1953,9,21,1953
"AR1",1954,12,2,1954
"AR1",1955,9,22,1955
"AR1",1956,8,17,1956
"AR1",1957,8,13,1957
"AR1",1958,9,28,1958
"AR1",1959,9,21,1959
"AR1",1960,8,19,1960
"AR1",1961,9,15,1961
"AR1",1965,10,18,1965
"AR1",1968,8,13,1968
"AR1",1971,7,29,1971
"AR1",1972,8,14,1972
"AR1",1973,8,15,1973
"AR1",1974,6,28,1974
"AR1",1975,8,5,1975
"AR1",1976,7,28,1976
"AR1",1977,7,21,1977
"AR1",1995,10,18,1995
"AR1",2001,10,30,2001
"AR1",2006,11,7,2006
"AR1",2011,12,1,2011
"AR1",2016,11,10,2016
"AR2",1926,9,15,1926
"AR2",1927,9,1,1927
"AR2",1928,9,19,1928
"AR2",1929,9,11,1929
"AR2",1930,8,29,1930
"AR2",1931,9,28,1931
"AR2",1932,9,28,1932
"AR2",1933,10,20,1933
"AR2",1934,11,1,1934
"AR2",1935,7,23,1935
"AR2",1935,10,9,1935
"AR2",1936,10,23,1936
"AR2",1937,10,15,1937
"AR2",1938,9,23,1938
"AR2",1940,1,8,1939
"AR2",1941,2,13,1940
"AR2",1942,1,9,1941
"AR2",1942,10,9,1942
"AR2",1943,11,17,1943
"AR2",1945,3,12,1944
"AR2",1945,9,24,1945
"AR2",1946,12,17,1946
"AR2",1948,1,22,1947
"AR2",1949,9,7,1949
"AR2",1950,11,2,1950
"AR2",1951,8,24,1951
"AR2",1952,9,18,1952
"AR2",1953,9,21,1953
"AR2",1954,12,2,1954
"AR2",1955,9,21,1955
"AR2",1956,8,17,1956
"AR2",1957,8,13,1957
"AR2",1958,9,30,1958
"AR2",1959,9,21,1959
"AR2",1960,NA,NA,1960
"AR2",1962,10,18,1962
"AR2",1965,NA,NA,1965
"AR2",1968,8,13,1968
"AR2",1971,7,30,1971
"AR2",1972,8,14,1972
"AR2",1973,8,15,1973
"AR2",1974,6,28,1974
"AR2",1995,10,18,1995
"AR2",2001,10,30,2001
"AR2",2006,11,7,2006
"AR2",2011,12,1,2011
"AR2",2016,11,10,2016
"AR3",1926,9,15,1926
"AR3",1927,9,1,1927
"AR3",1928,9,19,1928
"AR3",1929,9,11,1929
"AR3",1930,8,29,1930
"AR3",1931,9,28,1931
"AR3",1932,9,28,1932
"AR3",1933,10,20,1933
"AR3",1934,10,31,1934
"AR3",1935,7,23,1935
"AR3",1935,10,9,1935
"AR3",1936,10,26,1936
"AR3",1937,10,15,1937
"AR3",1938,9,23,1938
"AR3",1940,1,8,1939
"AR3",1941,2,13,1940
"AR3",1942,10,9,1942
"AR3",1943,11,17,1943
"AR3",1945,3,12,1944
"AR3",1945,9,24,1945
"AR3",1946,12,17,1946
"AR3",1948,1,22,1947
"AR3",1949,9,7,1949
"AR3",1950,11,2,1950
"AR3",1951,8,24,1951
"AR3",1952,9,18,1952
"AR3",1953,9,21,1953
"AR3",1954,12,2,1954
"AR3",1955,9,21,1955
"AR3",1956,8,17,1956
"AR3",1957,8,13,1957
"AR3",1958,9,30,1958
"AR3",1959,9,21,1959
"AR3",1960,8,19,1960
"AR3",1961,9,15,1961
"AR3",1965,10,18,1965
"AR3",1968,8,13,1968
"AR3",1970,8,17,1970
"AR3",1971,7,29,1971
"AR3",1972,8,14,1972
"AR3",1973,8,15,1973
"AR3",1974,6,28,1974
"AR3",1975,8,5,1975
"AR3",1976,7,28,1976
"AR3",1977,7,15,1977
"AR3",1995,10,18,1995
"AR3",2001,10,30,2001
"AR3",2006,11,7,2006
"AR3",2011,12,1,2011
"AR3",2016,11,10,2016
"AR4",1926,9,16,1926
"AR4",1927,9,1,1927
"AR4",1928,9,19,1928
"AR4",1929,9,11,1929
"AR4",1930,9,1,1930
"AR4",1931,9,28,1931
"AR4",1932,10,2,1932
"AR4",1933,10,20,1933
"AR4",1934,11,1,1934
"AR4",1935,5,22,1935
"AR4",1935,10,10,1935
"AR4",1936,10,26,1936
"AR4",1937,10,19,1937
"AR4",1938,9,23,1938
"AR4",1940,1,8,1939
"AR4",1941,2,13,1940
"AR4",1942,1,9,1941
"AR4",1942,10,9,1942
"AR4",1943,11,17,1943
"AR4",1945,3,12,1944
"AR4",1945,9,26,1945
"AR4",1946,12,17,1946
"AR4",1947,9,26,1947
"AR4",1949,9,1,1949
"AR4",1950,11,2,1950
"AR4",1951,8,23,1951
"AR4",1952,9,12,1952
"AR4",1953,9,21,1953
"AR4",1954,12,2,1954
"AR4",1955,9,21,1955
"AR4",1956,8,17,1956
"AR4",1957,8,13,1957
"AR4",1958,9,27,1958
"AR4",1959,8,13,1959
"AR4",1960,8,31,1960
"AR4",1965,10,18,1965
"AR4",1968,8,13,1968
"AR4",1969,9,11,1969
"AR4",1970,8,17,1970
"AR4",1971,7,29,1971
"AR4",1972,8,14,1972
"AR4",1973,8,17,1973
"AR4",1974,6,28,1974
"AR4",1975,8,5,1975
"AR4",1976,7,28,1976
"AR4",1977,7,21,1977
"AR4",1979,8,13,1979
"AR4",1995,10,18,1995
"AR4",2001,10,30,2001
"AR4",2006,11,7,2006
"AR4",2011,12,1,2011
"AR4",2016,11,10,2016
"AR5",1926,9,16,1926
"AR5",1927,9,1,1927
"AR5",1928,9,19,1928
"AR5",1929,9,11,1929
"AR5",1930,9,1,1930
"AR5",1931,9,28,1931
"AR5",1932,10,2,1932
"AR5",1933,10,20,1933
"AR5",1934,11,1,1934
"AR5",1935,5,22,1935
"AR5",1935,10,10,1935
"AR5",1936,10,26,1936
"AR5",1937,10,19,1937
"AR5",1938,9,23,1938
"AR5",1940,1,8,1939
"AR5",1941,2,13,1940
"AR5",1942,1,9,1941
"AR5",1942,10,9,1942
"AR5",1943,11,17,1943
"AR5",1945,3,12,1944
"AR5",1945,9,26,1945
"AR5",1946,12,17,1946
"AR5",1947,9,26,1947
"AR5",1949,9,1,1949
"AR5",1950,11,2,1950
"AR5",1951,8,23,1951
"AR5",1952,9,12,1952
"AR5",1953,9,21,1953
"AR5",1954,12,2,1954
"AR5",1955,9,21,1955
"AR5",1956,8,17,1956
"AR5",1957,8,13,1957
"AR5",1958,9,30,1958
"AR5",1959,8,13,1959
"AR5",1960,8,31,1960
"AR5",1965,10,18,1965
"AR5",1968,8,13,1968
"AR5",1971,7,30,1971
"AR5",1972,8,14,1972
"AR5",1973,8,17,1973
"AR5",1974,6,28,1974
"AR5",1975,8,5,1975
"AR5",1976,7,28,1976
"AR5",1977,7,21,1977
"AR5",1995,10,18,1995
"AR5",2001,10,25,2001
"AR5",2006,11,7,2006
"AR5",2011,12,1,2011
"AR5",2016,11,10,2016
"AR6",1926,9,16,1926
"AR6",1927,9,1,1927
"AR6",1928,9,19,1928
"AR6",1929,9,11,1929
"AR6",1930,9,1,1930
"AR6",1931,9,28,1931
"AR6",1932,10,2,1932
"AR6",1933,10,20,1933
"AR6",1934,11,1,1934
"AR6",1935,5,22,1935
"AR6",1935,10,10,1935
"AR6",1936,10,26,1936
"AR6",1937,10,19,1937
"AR6",1938,9,23,1938
"AR6",1940,1,8,1939
"AR6",1941,2,13,1940
"AR6",1942,1,9,1941
"AR6",1942,10,9,1942
"AR6",1943,11,17,1943
"AR6",1945,3,12,1944
"AR6",1945,9,26,1945
"AR6",1946,12,17,1946
"AR6",1947,9,26,1947
"AR6",1949,9,1,1949
"AR6",1950,11,2,1950
"AR6",1951,8,23,1951
"AR6",1952,9,12,1952
"AR6",1953,9,21,1953
"AR6",1954,12,2,1954
"AR6",1955,9,21,1955
"AR6",1956,8,17,1956
"AR6",1957,8,13,1957
"AR6",1958,9,30,1958
"AR6",1961,8,31,1961
"AR6",1965,10,18,1965
"AR6",1968,8,13,1968
"AR6",1971,7,30,1971
"AR6",1972,8,14,1972
"AR6",1973,8,17,1973
"AR6",1975,8,5,1975
"AR6",1976,7,28,1976
"AR6",1977,7,21,1977
"AR6",1995,10,18,1995
"AR6",2007,3,1,2006
"AR6",2011,12,1,2011
"AR6",2016,11,10,2016
"B1",1915,6,9,1915
"B1",1915,10,13,1915
"B1",1916,5,22,1916
"B1",1916,9,7,1916
"B1",1917,6,21,1917
"B1",1918,9,17,1918
"B1",1919,7,11,1919
"B1",1919,10,16,1919
"B1",1920,7,20,1920
"B1",1920,10,14,1920
"B1",1921,8,17,1921
"B1",1921,10,17,1921
"B1",1922,10,17,1922
"B1",1923,10,5,1923
"B1",1924,10,28,1924
"B1",1925,10,22,1925
"B1",1926,9,17,1926
"B1",1927,9,5,1927
"B1",1928,9,20,1928
"B1",1929,11,15,1929
"B1",1930,8,28,1930
"B1",1931,10,5,1931
"B1",1932,11,9,1932
"B1",1933,10,18,1933
"B1",1934,10,26,1934
"B1",1935,5,29,1935
"B1",1935,10,10,1935
"B1",1936,10,21,1936
"B1",1937,10,19,1937
"B1",1938,9,16,1938
"B1",1940,1,8,1939
"B1",1941,2,13,1940
"B1",1942,1,9,1941
"B1",1942,10,29,1942
"B1",1944,2,11,1943
"B1",1944,9,22,1944
"B1",1946,2,20,1945
"B1",1946,9,24,1946
"B1",1948,4,13,1947
"B1",1949,9,1,1949
"B1",1950,11,3,1950
"B1",1951,8,21,1951
"B1",1952,9,17,1952
"B1",1956,8,17,1956
"B1",1957,8,14,1957
"B1",1958,9,24,1958
"B1",1959,8,13,1959
"B1",1960,8,18,1960
"B1",1961,9,12,1961
"B1",1965,9,22,1965
"B1",1966,10,12,1966
"B1",1968,8,14,1968
"B1",1969,9,9,1969
"B1",1970,8,17,1970
"B1",1971,8,6,1971
"B1",1972,8,8,1972
"B1",1973,8,7,1973
"B1",1974,6,18,1974
"B1",1975,8,6,1975
"B1",1976,7,27,1976
"B1",1977,7,14,1977
"B1",1995,10,5,1995
"B1",2001,10,29,2001
"B1",2006,11,9,2006
"B1",2011,9,26,2011
"B1",2016,10,14,2016
"B2",1915,6,10,1915
"B2",1915,10,3,1915
"B2",1916,5,22,1916
"B2",1916,9,8,1916
"B2",1917,6,21,1917
"B2",1918,9,17,1918
"B2",1919,7,11,1919
"B2",1919,10,16,1919
"B2",1920,7,20,1920
"B2",1920,10,14,1920
"B2",1921,8,17,1921
"B2",1921,10,18,1921
"B2",1922,10,17,1922
"B2",1923,10,23,1923
"B2",1924,10,28,1924
"B2",1925,10,22,1925
"B2",1926,9,17,1926
"B2",1927,9,5,1927
"B2",1928,9,20,1928
"B2",1929,11,15,1929
"B2",1930,8,28,1930
"B2",1931,10,5,1931
"B2",1932,11,9,1932
"B2",1933,10,18,1933
"B2",1934,10,26,1934
"B2",1935,5,20,1935
"B2",1935,10,10,1935
"B2",1936,10,21,1936
"B2",1937,10,19,1937
"B2",1938,9,16,1938
"B2",1940,1,8,1939
"B2",1941,2,13,1940
"B2",1942,1,9,1941
"B2",1942,10,29,1942
"B2",1944,2,11,1943
"B2",1944,9,22,1944
"B2",1946,2,20,1945
"B2",1946,9,24,1946
"B2",1948,4,13,1947
"B2",1949,9,1,1949
"B2",1950,11,3,1950
"B2",1951,8,21,1951
"B2",1952,9,17,1952
"B2",1956,8,17,1956
"B2",1957,8,14,1957
"B2",1958,9,25,1958
"B2",1959,8,13,1959
"B2",1960,8,22,1960
"B2",1961,9,12,1961
"B2",1965,9,22,1965
"B2",1966,10,12,1966
"B2",1968,8,14,1968
"B2",1969,9,9,1969
"B2",1970,8,17,1970
"B2",1971,8,6,1971
"B2",1972,8,8,1972
"B2",1973,8,7,1973
"B2",1974,6,18,1974
"B2",1975,8,6,1975
"B2",1976,7,27,1976
"B2",1977,7,14,1977
"B2",1995,10,5,1995
"B2",2001,10,29,2001
"B2",2006,11,9,2006
"B2",2011,9,26,2011
"B2",2016,10,14,2016
"B2A",1924,7,15,1924
"B2A",1924,10,27,1924
"B2A",1925,10,22,1925
"B2A",1926,9,17,1926
"B2A",1927,9,5,1927
"B2A",1928,9,20,1928
"B2A",1929,11,14,1929
"B2A",1930,8,28,1930
"B2A",1931,10,5,1931
"B2A",1932,11,9,1932
"B2A",1933,10,18,1933
"B2A",1934,10,26,1934
"B2A",1935,5,29,1935
"B2A",1935,10,11,1935
"B2A",1936,10,22,1936
"B2A",1937,10,19,1937
"B2A",1938,9,16,1938
"B2A",1940,1,9,1939
"B2A",1941,2,13,1940
"B2A",1942,1,9,1941
"B2A",1942,10,29,1942
"B2A",1944,2,11,1943
"B2A",1944,9,9,1944
"B2A",1946,2,20,1945
"B2A",1946,9,24,1946
"B2A",1948,4,13,1947
"B2A",1949,9,1,1949
"B2A",1950,11,3,1950
"B2A",1951,8,21,1951
"B2A",1952,9,17,1952
"B2A",1953,9,16,1953
"B2A",1955,9,20,1955
"B2A",1956,8,17,1956
"B2A",1957,8,14,1957
"B2A",1958,9,24,1958
"B2A",1959,8,13,1959
"B2A",1960,8,22,1960
"B2A",1961,9,12,1961
"B2A",1966,10,17,1966
"B2A",1970,8,17,1970
"B2A",1971,8,6,1971
"B2A",1972,8,8,1972
"B2A",1973,8,7,1973
"B2A",1974,6,18,1974
"B2A",1975,8,6,1975
"B2A",1977,7,14,1977
"B2A",1980,1,8,1979
"B2A",1995,10,3,1995
"B2A",2001,10,29,2001
"B2A",2006,11,9,2006
"B2A",2011,9,26,2011
"B2A",2016,10,14,2016
"B3",1915,6,10,1915
"B3",1915,10,3,1915
"B3",1916,5,22,1916
"B3",1916,9,7,1916
"B3",1917,6,21,1917
"B3",1918,9,17,1918
"B3",1919,7,19,1919
"B3",1919,10,16,1919
"B3",1920,7,20,1920
"B3",1920,10,14,1920
"B3",1921,7,28,1921
"B3",1921,10,18,1921
"B3",1922,10,17,1922
"B3",1923,10,23,1923
"B3",1924,10,28,1924
"B3",1925,10,22,1925
"B3",1926,9,17,1926
"B3",1927,9,5,1927
"B3",1928,9,20,1928
"B3",1929,11,15,1929
"B3",1930,8,28,1930
"B3",1931,10,5,1931
"B3",1932,11,9,1932
"B3",1933,10,18,1933
"B3",1934,10,26,1934
"B3",1935,5,29,1935
"B3",1935,10,10,1935
"B3",1936,10,21,1936
"B3",1937,10,19,1937
"B3",1938,9,17,1938
"B3",1940,1,9,1939
"B3",1941,2,13,1940
"B3",1942,1,9,1941
"B3",1942,10,29,1942
"B3",1944,2,11,1943
"B3",1944,9,22,1944
"B3",1946,2,20,1945
"B3",1946,9,24,1946
"B3",1948,4,13,1947
"B3",1949,9,1,1949
"B3",1950,11,3,1950
"B3",1951,8,21,1951
"B3",1952,9,17,1952
"B3",1956,8,17,1956
"B3",1957,8,14,1957
"B3",1958,9,24,1958
"B3",1959,8,13,1959
"B3",1960,8,22,1960
"B3",1961,9,12,1961
"B3",1965,9,22,1965
"B3",1966,10,12,1966
"B3",1968,8,14,1968
"B3",1969,9,9,1969
"B3",1970,8,17,1970
"B3",1971,8,6,1971
"B3",1972,8,8,1972
"B3",1973,8,7,1973
"B3",1974,6,18,1974
"B3",1975,8,6,1975
"B3",1976,7,27,1976
"B3",1977,7,14,1977
"B3",1995,10,5,1995
"B3",2001,10,29,2001
"B3",2006,11,20,2006
"B3",2011,9,29,2011
"B3",2016,10,14,2016
"B4",1915,6,10,1915
"B4",1915,10,3,1915
"B4",1916,5,22,1916
"B4",1916,9,8,1916
"B4",1917,6,22,1917
"B4",1918,9,17,1918
"B4",1919,7,19,1919
"B4",1919,10,16,1919
"B4",1920,7,20,1920
"B4",1920,10,14,1920
"B4",1921,7,28,1921
"B4",1921,10,20,1921
"B4",1922,10,17,1922
"B4",1923,10,23,1923
"B4",1924,10,28,1924
"B4",1925,10,22,1925
"B4",1926,9,17,1926
"B4",1927,9,5,1927
"B4",1928,9,20,1928
"B4",1929,11,15,1929
"B4",1930,8,28,1930
"B4",1931,10,5,1931
"B4",1932,11,9,1932
"B4",1933,10,19,1933
"B4",1934,10,26,1934
"B4",1935,5,29,1935
"B4",1935,10,10,1935
"B4",1936,10,21,1936
"B4",1937,10,19,1937
"B4",1938,9,17,1938
"B4",1940,1,9,1939
"B4",1941,2,13,1940
"B4",1942,1,9,1941
"B4",1942,10,29,1942
"B4",1944,2,11,1943
"B4",1944,9,22,1944
"B4",1946,2,20,1945
"B4",1946,9,24,1946
"B4",1948,4,13,1947
"B4",1949,9,1,1949
"B4",1950,11,3,1950
"B4",1951,8,21,1951
"B4",1952,9,17,1952
"B4",1956,8,17,1956
"B4",1958,9,25,1958
"B4",1959,8,13,1959
"B4",1960,8,22,1960
"B4",1961,9,12,1961
"B4",1965,9,22,1965
"B4",1966,10,12,1966
"B4",1968,8,14,1968
"B4",1969,9,9,1969
"B4",1970,8,17,1970
"B4",1972,8,8,1972
"B4",1974,6,26,1974
"B4",1976,7,27,1976
"B4",1977,7,15,1977
"B4",1995,10,5,1995
"B4",2001,10,29,2001
"B4",2006,11,20,2006
"B4",2011,9,29,2011
"B4",2016,10,14,2016
"B5",1915,6,14,1915
"B5",1915,10,3,1915
"B5",1916,5,24,1916
"B5",1916,9,8,1916
"B5",1917,6,22,1917
"B5",1918,9,17,1918
"B5",1919,7,19,1919
"B5",1919,10,19,1919
"B5",1920,7,20,1920
"B5",1920,10,14,1920
"B5",1921,7,28,1921
"B5",1921,10,20,1921
"B5",1922,10,17,1922
"B5",1923,10,24,1923
"B5",1924,10,28,1924
"B5",1925,10,22,1925
"B5",1926,9,17,1926
"B5",1927,9,5,1927
"B5",1928,9,20,1928
"B5",1929,11,15,1929
"B5",1930,8,28,1930
"B5",1931,10,5,1931
"B5",1932,11,9,1932
"B5",1933,10,19,1933
"B5",1934,10,26,1934
"B5",1935,5,29,1935
"B5",1935,10,10,1935
"B5",1936,10,21,1936
"B5",1937,10,19,1937
"B5",1938,9,17,1938
"B5",1940,1,9,1939
"B5",1941,2,13,1940
"B5",1942,1,9,1941
"B5",1942,10,29,1942
"B5",1944,2,11,1943
"B5",1944,9,22,1944
"B5",1946,2,20,1945
"B5",1946,9,24,1946
"B5",1948,4,13,1947
"B5",1949,9,1,1949
"B5",1950,11,3,1950
"B5",1951,8,21,1951
"B5",1952,9,17,1952
"B5",1957,8,14,1957
"B5",1958,9,24,1958
"B5",1959,8,13,1959
"B5",1961,9,12,1961
"B5",1965,9,22,1965
"B5",1966,10,12,1966
"B5",1968,8,14,1968
"B5",1969,9,9,1969
"B5",1970,8,17,1970
"B5",1971,8,6,1971
"B5",1972,8,8,1972
"B5",1974,6,26,1974
"B5",1976,7,27,1976
"B5",1977,7,15,1977
"B5",1995,10,5,1995
"B5",2001,10,29,2001
"B5",2006,11,20,2006
"B5",2011,9,29,2011
"B5",2016,10,14,2016
"G1",1915,6,4,1915
"G1",1915,9,16,1915
"G1",1916,5,15,1916
"G1",1916,9,14,1916
"G1",1917,6,11,1917
"G1",1917,10,10,1917
"G1",1918,9,24,1918
"G1",1919,5,27,1919
"G1",1919,9,25,1919
"G1",1920,8,19,1920
"G1",1920,11,2,1920
"G1",1921,10,19,1921
"G1",1922,10,13,1922
"G1",1923,10,11,1923
"G1",1924,10,24,1924
"G1",1925,10,14,1925
"G1",1926,9,23,1926
"G1",1927,9,2,1927
"G1",1928,9,29,1928
"G1",1929,8,28,1929
"G1",1930,9,9,1930
"G1",1931,9,23,1931
"G1",1932,10,12,1932
"G1",1933,10,20,1933
"G1",1934,10,25,1934
"G1",1935,5,31,1935
"G1",1935,10,8,1935
"G1",1936,10,27,1936
"G1",1937,10,14,1937
"G1",1938,9,8,1938
"G1",1939,12,5,1939
"G1",1940,12,14,1940
"G1",1942,1,8,1941
"G1",1942,10,7,1942
"G1",1943,10,27,1943
"G1",1944,9,8,1944
"G1",1945,9,13,1945
"G1",1946,9,24,1946
"G1",1947,9,26,1947
"G1",1949,8,22,1949
"G1",1950,8,28,1950
"G1",1951,8,21,1951
"G1",1952,9,18,1952
"G1",1953,10,8,1953
"G1",1954,11,25,1954
"G1",1955,9,16,1955
"G1",1956,8,10,1956
"G1",1957,8,5,1957
"G1",1958,9,25,1958
"G1",1959,9,17,1959
"G1",1960,8,19,1960
"G1",1965,8,25,1965
"G1",1968,8,19,1968
"G1",1969,8,25,1969
"G1",1970,8,19,1970
"G1",1972,8,15,1972
"G1",1973,8,3,1973
"G1",1974,6,19,1974
"G1",1975,8,4,1975
"G1",1976,7,29,1976
"G1",1977,8,8,1977
"G1",1995,10,17,1995
"G1",2001,10,10,2001
"G1",2006,11,30,2006
"G1",2011,11,1,2011
"G1",2016,9,15,2016
"G2",1915,6,4,1915
"G2",1915,9,16,1915
"G2",1916,5,15,1916
"G2",1916,9,15,1916
"G2",1917,6,11,1917
"G2",1917,10,10,1917
"G2",1918,9,24,1918
"G2",1919,5,27,1919
"G2",1919,10,1,1919
"G2",1920,8,19,1920
"G2",1920,11,2,1920
"G2",1921,10,19,1921
"G2",1922,10,13,1922
"G2",1923,10,12,1923
"G2",1924,10,24,1924
"G2",1925,10,19,1925
"G2",1926,9,23,1926
"G2",1927,9,2,1927
"G2",1928,9,29,1928
"G2",1929,8,28,1929
"G2",1930,9,9,1930
"G2",1931,9,23,1931
"G2",1932,10,12,1932
"G2",1933,10,20,1933
"G2",1934,10,25,1934
"G2",1935,5,31,1935
"G2",1935,10,8,1935
"G2",1936,10,27,1936
"G2",1937,10,14,1937
"G2",1938,9,8,1938
"G2",1939,12,7,1939
"G2",1940,12,14,1940
"G2",1942,1,8,1941
"G2",1942,10,7,1942
"G2",1943,10,27,1943
"G2",1944,9,8,1944
"G2",1945,9,13,1945
"G2",1946,9,24,1946
"G2",1947,9,26,1947
"G2",1949,3,22,1948
"G2",1949,8,22,1949
"G2",1950,8,28,1950
"G2",1951,8,21,1951
"G2",1952,9,18,1952
"G2",1956,8,10,1956
"G2",1957,8,5,1957
"G2",1958,9,25,1958
"G2",1959,9,17,1959
"G2",1960,8,19,1960
"G2",1965,8,25,1965
"G2",1968,8,19,1968
"G2",1969,8,25,1969
"G2",1970,8,19,1970
"G2",1971,8,16,1971
"G2",1972,8,15,1972
"G2",1973,8,3,1973
"G2",1975,8,4,1975
"G2",1976,7,29,1976
"G2",1977,8,10,1977
"G2",1995,10,17,1995
"G2",2001,10,11,2001
"G2",2006,11,30,2006
"G2",2011,11,1,2011
"G2",2016,9,15,2016
"G3",1915,6,4,1915
"G3",1915,9,29,1915
"G3",1916,5,15,1916
"G3",1916,9,18,1916
"G3",1917,6,20,1917
"G3",1917,10,10,1917
"G3",1918,9,24,1918
"G3",1919,5,27,1919
"G3",1919,10,1,1919
"G3",1920,8,19,1920
"G3",1920,11,23,1920
"G3",1921,10,19,1921
"G3",1922,10,13,1922
"G3",1923,10,12,1923
"G3",1924,11,5,1924
"G3",1925,11,5,1925
"G3",1926,9,23,1926
"G3",1927,9,2,1927
"G3",1928,9,29,1928
"G3",1929,8,28,1929
"G3",1930,9,9,1930
"G3",1931,9,23,1931
"G3",1932,10,12,1932
"G3",1933,10,20,1933
"G3",1934,10,25,1934
"G3",1935,5,31,1935
"G3",1935,10,8,1935
"G3",1936,10,27,1936
"G3",1937,10,14,1937
"G3",1938,9,8,1938
"G3",1939,12,7,1939
"G3",1940,12,14,1940
"G3",1942,1,8,1941
"G3",1942,10,8,1942
"G3",1943,10,27,1943
"G3",1944,9,8,1944
"G3",1945,9,13,1945
"G3",1946,9,24,1946
"G3",1947,9,26,1947
"G3",1949,3,22,1948
"G3",1949,8,22,1949
"G3",1950,8,28,1950
"G3",1951,8,21,1951
"G3",1952,9,18,1952
"G3",1956,8,10,1956
"G3",1957,8,5,1957
"G3",1958,9,25,1958
"G3",1959,9,17,1959
"G3",1960,8,19,1960
"G3",1965,8,25,1965
"G3",1968,8,19,1968
"G3",1972,8,15,1972
"G3",1973,8,3,1973
"G3",1974,7,1,1974
"G3",1975,8,4,1975
"G3",1976,7,29,1976
"G3",1995,10,17,1995
"G3",2001,10,12,2001
"G3",2006,11,27,2006
"G3",2011,11,1,2011
"G3",2016,9,15,2016
"G4",1915,6,5,1915
"G4",1915,9,29,1915
"G4",1916,5,16,1916
"G4",1916,9,18,1916
"G4",1917,6,20,1917
"G4",1918,9,24,1918
"G4",1919,5,27,1919
"G4",1919,10,1,1919
"G4",1920,8,19,1920
"G4",1920,11,23,1920
"G4",1921,10,19,1921
"G4",1922,10,13,1922
"G4",1923,10,12,1923
"G4",1924,11,5,1924
"G4",1925,11,5,1925
"G4",1926,9,23,1926
"G4",1927,9,2,1927
"G4",1928,9,29,1928
"G4",1929,8,28,1929
"G4",1930,9,9,1930
"G4",1931,9,23,1931
"G4",1932,10,12,1932
"G4",1933,10,20,1933
"G4",1934,10,25,1934
"G4",1935,5,31,1935
"G4",1935,10,8,1935
"G4",1936,10,27,1936
"G4",1937,10,15,1937
"G4",1938,9,8,1938
"G4",1939,12,7,1939
"G4",1940,12,17,1940
"G4",1942,1,8,1941
"G4",1942,10,8,1942
"G4",1943,10,27,1943
"G4",1944,9,8,1944
"G4",1945,9,13,1945
"G4",1946,9,24,1946
"G4",1947,9,26,1947
"G4",1949,3,22,1948
"G4",1949,8,24,1949
"G4",1950,8,28,1950
"G4",1951,8,21,1951
"G4",1952,9,18,1952
"G4",1956,8,10,1956
"G4",1957,8,5,1957
"G4",1958,9,25,1958
"G4",1959,9,17,1959
"G4",1960,8,22,1960
"G4",1965,8,25,1965
"G4",1968,8,19,1968
"G4",1969,8,26,1969
"G4",1971,8,16,1971
"G4",1972,8,15,1972
"G4",1973,8,3,1973
"G4",1975,8,4,1975
"G4",1976,7,29,1976
"G4",1977,8,11,1977
"G4",1995,10,17,1995
"G4",2001,10,12,2001
"G4",2006,11,27,2006
"G4",2011,11,1,2011
"G4",2016,9,15,2016
"G5",1915,6,5,1915
"G5",1915,9,29,1915
"G5",1916,5,16,1916
"G5",1916,9,18,1916
"G5",1917,6,11,1917
"G5",1918,9,24,1918
"G5",1919,5,27,1919
"G5",1919,10,1,1919
"G5",1920,8,19,1920
"G5",1920,11,23,1920
"G5",1921,10,19,1921
"G5",1922,10,24,1922
"G5",1923,10,12,1923
"G5",1924,11,5,1924
"G5",1925,11,5,1925
"G5",1926,9,23,1926
"G5",1927,9,2,1927
"G5",1928,9,29,1928
"G5",1929,8,28,1929
"G5",1930,9,9,1930
"G5",1931,9,23,1931
"G5",1932,10,12,1932
"G5",1933,10,20,1933
"G5",1934,10,25,1934
"G5",1935,5,31,1935
"G5",1935,10,8,1935
"G5",1936,10,27,1936
"G5",1937,10,15,1937
"G5",1938,9,8,1938
"G5",1939,12,7,1939
"G5",1940,12,17,1940
"G5",1942,1,8,1941
"G5",1942,10,8,1942
"G5",1943,10,27,1943
"G5",1944,9,8,1944
"G5",1945,9,13,1945
"G5",1946,9,24,1946
"G5",1947,9,26,1947
"G5",1949,3,22,1948
"G5",1949,8,24,1949
"G5",1950,8,28,1950
"G5",1951,8,21,1951
"G5",1952,9,18,1952
"G5",1956,8,10,1956
"G5",1957,8,5,1957
"G5",1958,9,25,1958
"G5",1959,9,17,1959
"G5",1960,8,22,1960
"G5",1965,8,25,1965
"G5",1968,8,19,1968
"G5",1969,8,26,1969
"G5",1971,8,16,1971
"G5",1973,8,3,1973
"G5",1974,7,1,1974
"G5",1975,8,4,1975
"G5",1976,7,30,1976
"G5",1977,8,10,1977
"G5",1995,10,17,1995
"G5",2001,10,12,2001
"G5",2006,11,27,2006
"G5",2011,11,15,2011
"G5",2016,9,15,2016
"G6",1927,9,2,1927
"G6",1928,9,29,1928
"G6",1929,8,28,1929
"G6",1930,9,9,1930
"G6",1931,9,23,1931
"G6",1932,10,12,1932
"G6",1933,10,20,1933
"G6",1934,10,25,1934
"G6",1935,5,31,1935
"G6",1935,10,8,1935
"G6",1936,10,27,1936
"G6",1937,10,14,1937
"G6",1938,9,8,1938
"G6",1939,12,7,1939
"G6",1940,12,14,1940
"G6",1942,1,8,1941
"G6",1942,10,8,1942
"G6",1943,10,27,1943
"G6",1944,9,8,1944
"G6",1945,9,13,1945
"G6",1946,9,24,1946
"G6",1947,9,26,1947
"G6",1949,3,22,1948
"G6",1949,8,22,1949
"G6",1950,8,28,1950
"G6",1951,8,21,1951
"G6",1952,9,18,1952
"G6",1953,10,8,1953
"G6",1954,11,24,1954
"G6",1955,9,15,1955
"G6",1956,8,10,1956
"G6",1957,8,5,1957
"G6",1958,9,25,1958
"G6",1960,8,22,1960
"G6",1965,8,25,1965
"G6",1968,8,19,1968
"G6",1969,8,26,1969
"G6",1971,8,16,1971
"G6",1972,8,15,1972
"G6",1973,8,3,1973
"G6",1975,8,4,1975
"G6",1976,7,29,1976
"G6",1977,8,11,1977
"G6",1995,10,17,1995
"G6",2001,10,12,2001
"G6",2006,11,27,2006
"G6",2011,11,1,2011
"G6",2016,9,15,2016
"H1",1915,6,26,1915
"H1",1915,9,11,1915
"H1",1916,5,17,1916
"H1",1916,9,19,1916
"H1",1917,6,21,1917
"H1",1917,9,16,1917
"H1",1919,4,11,1918
"H1",1919,7,19,1919
"H1",1919,10,20,1919
"H1",1920,10,29,1920
"H1",1921,10,17,1921
"H1",1922,10,27,1922
"H1",1924,1,24,1923
"H1",1927,6,4,1927
"H1",1928,8,15,1928
"H1",1929,10,5,1929
"H1",1930,9,10,1930
"H1",1931,9,18,1931
"H1",1932,10,16,1932
"H1",1933,10,19,1933
"H1",1934,10,4,1934
"H1",1935,5,29,1935
"H1",1935,10,15,1935
"H1",1936,10,15,1936
"H1",1937,10,19,1937
"H1",1938,9,19,1938
"H1",1940,1,8,1939
"H1",1941,2,11,1940
"H1",1942,1,16,1941
"H1",1943,4,9,1942
"H1",1943,11,16,1943
"H1",1944,9,9,1944
"H1",1945,9,12,1945
"H1",1946,11,22,1946
"H1",1948,1,9,1947
"H1",1949,8,31,1949
"H1",1950,11,3,1950
"H1",1951,8,23,1951
"H1",1952,9,18,1952
"H1",1956,8,17,1956
"H1",1957,8,14,1957
"H1",1958,9,24,1958
"H1",1959,8,13,1959
"H1",1960,8,22,1960
"H1",1961,9,13,1961
"H1",1962,8,23,1962
"H1",1965,8,24,1965
"H1",1966,10,14,1966
"H1",1967,9,26,1967
"H1",1968,8,14,1968
"H1",1969,9,9,1969
"H1",1970,8,13,1970
"H1",1971,7,28,1971
"H1",1972,8,8,1972
"H1",1973,8,7,1973
"H1",1974,6,14,1974
"H1",1975,8,6,1975
"H1",1976,7,27,1976
"H1",1977,7,14,1977
"H1",1980,1,8,1979
"H1",1995,10,16,1995
"H1",2001,11,8,2001
"H1",2006,11,20,2006
"H1",2011,10,11,2011
"H1",2016,9,20,2016
"H2",1915,6,26,1915
"H2",1915,9,13,1915
"H2",1916,5,17,1916
"H2",1916,9,19,1916
"H2",1917,6,21,1917
"H2",1919,4,11,1918
"H2",1919,7,19,1919
"H2",1919,10,20,1919
"H2",1920,10,29,1920
"H2",1921,10,17,1921
"H2",1922,10,27,1922
"H2",1924,1,24,1923
"H2",1927,6,4,1927
"H2",1928,8,15,1928
"H2",1929,10,5,1929
"H2",1930,9,10,1930
"H2",1931,9,18,1931
"H2",1932,10,16,1932
"H2",1933,10,19,1933
"H2",1934,10,4,1934
"H2",1935,5,20,1935
"H2",1935,10,15,1935
"H2",1936,10,15,1936
"H2",1937,10,19,1937
"H2",1938,9,19,1938
"H2",1940,1,8,1939
"H2",1941,2,11,1940
"H2",1942,1,16,1941
"H2",1943,4,9,1942
"H2",1943,11,16,1943
"H2",1944,9,9,1944
"H2",1945,9,12,1945
"H2",1946,11,22,1946
"H2",1948,1,9,1947
"H2",1949,8,31,1949
"H2",1950,11,3,1950
"H2",1951,8,23,1951
"H2",1952,9,18,1952
"H2",1956,8,17,1956
"H2",1957,8,14,1957
"H2",1958,9,24,1958
"H2",1959,9,13,1959
"H2",1960,8,22,1960
"H2",1961,9,13,1961
"H2",1962,8,30,1962
"H2",1965,8,24,1965
"H2",1966,10,14,1966
"H2",1967,9,26,1967
"H2",1968,8,14,1968
"H2",1969,9,9,1969
"H2",1970,8,13,1970
"H2",1971,7,28,1971
"H2",1972,8,8,1972
"H2",1973,8,7,1973
"H2",1974,6,14,1974
"H2",1975,8,6,1975
"H2",1976,7,27,1976
"H2",1977,7,14,1977
"H2",1980,1,8,1979
"H2",1995,10,16,1995
"H2",2001,11,8,2001
"H2",2006,11,20,2006
"H2",2011,10,11,2011
"H2",2016,9,20,2016
"H3",1915,6,28,1915
"H3",1915,9,14,1915
"H3",1916,5,18,1916
"H3",1916,9,19,1916
"H3",1917,6,21,1917
"H3",1917,9,19,1917
"H3",1919,4,11,1918
"H3",1919,7,19,1919
"H3",1919,10,20,1919
"H3",1920,10,29,1920
"H3",1921,10,17,1921
"H3",1922,10,27,1922
"H3",1927,6,4,1927
"H3",1928,8,15,1928
"H3",1929,10,5,1929
"H3",1930,9,10,1930
"H3",1931,8,18,1931
"H3",1932,10,16,1932
"H3",1933,10,19,1933
"H3",1934,10,4,1934
"H3",1935,5,29,1935
"H3",1935,10,15,1935
"H3",1936,10,15,1936
"H3",1937,10,19,1937
"H3",1938,9,19,1938
"H3",1940,1,8,1939
"H3",1941,2,11,1940
"H3",1942,1,16,1941
"H3",1943,4,9,1942
"H3",1943,11,16,1943
"H3",1944,9,9,1944
"H3",1945,9,12,1945
"H3",1946,11,22,1946
"H3",1948,1,9,1947
"H3",1949,8,31,1949
"H3",1950,11,3,1950
"H3",1951,8,21,1951
"H3",1952,9,18,1952
"H3",1956,8,17,1956
"H3",1957,8,14,1957
"H3",1958,9,24,1958
"H3",1959,8,13,1959
"H3",1960,8,18,1960
"H3",1961,9,13,1961
"H3",1962,8,30,1962
"H3",1966,10,14,1966
"H3",1967,9,26,1967
"H3",1969,9,9,1969
"H3",1970,8,13,1970
"H3",1971,7,28,1971
"H3",1972,8,8,1972
"H3",1973,8,7,1973
"H3",1974,6,14,1974
"H3",1975,8,6,1975
"H3",1976,7,27,1976
"H3",1977,7,14,1977
"H3",1980,1,7,1979
"H3",1995,10,16,1995
"H3",2001,11,8,2001
"H3",2006,11,20,2006
"H3",2011,10,11,2011
"H3",2016,9,20,2016
"I1",1915,6,30,1915
"I1",1915,10,4,1915
"I1",1916,5,19,1916
"I1",1916,9,11,1916
"I1",1917,10,12,1917
"I1",1919,4,3,1918
"I1",1919,5,28,1919
"I1",1919,9,19,1919
"I1",1920,10,7,1920
"I1",1921,7,29,1921
"I1",1921,10,8,1921
"I1",1922,9,26,1922
"I1",1923,10,18,1923
"I1",1924,11,6,1924
"I1",1925,10,26,1925
"I1",1926,9,18,1926
"I1",1927,8,27,1927
"I1",1928,11,8,1928
"I1",1929,9,28,1929
"I1",1930,9,12,1930
"I1",1931,9,21,1931
"I1",1932,11,11,1932
"I1",1933,10,24,1933
"I1",1934,9,28,1934
"I1",1935,6,1,1935
"I1",1935,10,15,1935
"I1",1936,10,13,1936
"I1",1937,10,20,1937
"I1",1938,9,9,1938
"I1",1939,12,12,1939
"I1",1941,2,10,1940
"I1",1942,1,23,1941
"I1",1942,10,7,1942
"I1",1943,10,26,1943
"I1",1944,9,8,1944
"I1",1945,9,13,1945
"I1",1946,11,22,1946
"I1",1947,10,1,1947
"I1",1949,3,1,1948
"I1",1949,8,22,1949
"I1",1950,8,23,1950
"I1",1951,8,23,1951
"I1",1952,9,15,1952
"I1",1953,9,25,1953
"I1",1954,11,23,1954
"I1",1955,9,29,1955
"I1",1956,8,10,1956
"I1",1957,8,2,1957
"I1",1958,9,24,1958
"I1",1959,8,18,1959
"I1",1960,8,15,1960
"I1",1961,8,23,1961
"I1",1962,8,28,1962
"I1",1965,8,24,1965
"I1",1966,9,26,1966
"I1",1967,9,18,1967
"I1",1968,8,14,1968
"I1",1969,9,11,1969
"I1",1970,8,11,1970
"I1",1971,7,27,1971
"I1",1972,7,31,1972
"I1",1973,8,15,1973
"I1",1975,8,4,1975
"I1",1976,7,26,1976
"I1",1977,7,5,1977
"I1",1978,8,4,1978
"I1",1979,12,31,1979
"I1",1995,10,5,1995
"I1",2001,10,9,2001
"I1",2006,10,23,2006
"I1",2011,9,19,2011
"I1",2016,9,9,2016
"I2",1915,6,30,1915
"I2",1915,10,4,1915
"I2",1916,5,19,1916
"I2",1916,9,11,1916
"I2",1917,6,20,1917
"I2",1917,10,12,1917
"I2",1919,4,3,1918
"I2",1919,5,28,1919
"I2",1920,5,27,1920
"I2",1920,10,7,1920
"I2",1921,3,25,1920
"I2",1921,7,27,1921
"I2",1921,10,7,1921
"I2",1922,10,11,1922
"I2",1923,10,18,1923
"I2",1924,11,6,1924
"I2",1925,10,26,1925
"I2",1926,9,18,1926
"I2",1927,8,27,1927
"I2",1928,11,8,1928
"I2",1929,9,28,1929
"I2",1930,9,12,1930
"I2",1931,9,21,1931
"I2",1932,11,12,1932
"I2",1933,10,24,1933
"I2",1934,9,28,1934
"I2",1935,6,3,1935
"I2",1935,10,15,1935
"I2",1936,10,13,1936
"I2",1937,10,20,1937
"I2",1938,9,9,1938
"I2",1939,12,13,1939
"I2",1941,2,10,1940
"I2",1942,1,23,1941
"I2",1942,10,7,1942
"I2",1943,10,26,1943
"I2",1944,9,8,1944
"I2",1945,9,13,1945
"I2",1946,11,22,1946
"I2",1947,10,1,1947
"I2",1949,3,1,1948
"I2",1949,8,22,1949
"I2",1950,8,23,1950
"I2",1951,8,23,1951
"I2",1952,9,15,1952
"I2",1956,8,10,1956
"I2",1957,8,2,1957
"I2",1958,9,24,1958
"I2",1959,8,17,1959
"I2",1960,8,15,1960
"I2",1961,8,23,1961
"I2",1962,8,28,1962
"I2",1965,8,24,1965
"I2",1966,9,26,1966
"I2",1967,9,18,1967
"I2",1968,8,21,1968
"I2",1969,9,11,1969
"I2",1970,8,13,1970
"I2",1971,7,28,1971
"I2",1972,7,31,1972
"I2",1973,8,15,1973
"I2",1974,6,17,1974
"I2",1975,8,4,1975
"I2",1976,7,26,1976
"I2",1977,7,5,1977
"I2",1978,8,4,1978
"I2",1979,12,31,1979
"I2",1995,10,5,1995
"I2",2001,10,9,2001
"I2",2006,10,25,2006
"I2",2011,9,28,2011
"I2",2016,9,9,2016
"I3",1915,6,30,1915
"I3",1915,10,4,1915
"I3",1916,5,19,1916
"I3",1916,9,12,1916
"I3",1918,10,25,1918
"I3",1919,5,28,1919
"I3",1919,9,23,1919
"I3",1920,10,8,1920
"I3",1921,7,29,1921
"I3",1921,10,11,1921
"I3",1922,10,11,1922
"I3",1923,11,3,1923
"I3",1924,11,6,1924
"I3",1925,10,27,1925
"I3",1926,9,18,1926
"I3",1927,8,27,1927
"I3",1928,11,8,1928
"I3",1929,9,28,1929
"I3",1930,9,12,1930
"I3",1931,9,21,1931
"I3",1932,11,11,1932
"I3",1933,10,24,1933
"I3",1934,9,28,1934
"I3",1935,7,23,1935
"I3",1935,10,15,1935
"I3",1936,10,13,1936
"I3",1937,10,20,1937
"I3",1938,9,9,1938
"I3",1939,12,13,1939
"I3",1941,2,10,1940
"I3",1942,1,23,1941
"I3",1942,10,7,1942
"I3",1943,10,26,1943
"I3",1944,9,8,1944
"I3",1945,9,13,1945
"I3",1946,11,22,1946
"I3",1947,10,1,1947
"I3",1949,3,1,1948
"I3",1949,8,22,1949
"I3",1950,8,23,1950
"I3",1951,8,23,1951
"I3",1952,9,12,1952
"I3",1953,9,25,1953
"I3",1954,11,23,1954
"I3",1955,9,29,1955
"I3",1956,8,10,1956
"I3",1957,8,2,1957
"I3",1958,9,24,1958
"I3",1960,8,15,1960
"I3",1961,8,23,1961
"I3",1962,8,24,1962
"I3",1965,8,24,1965
"I3",1966,9,26,1966
"I3",1967,9,18,1967
"I3",1968,8,8,1968
"I3",1969,9,11,1969
"I3",1970,8,13,1970
"I3",1971,7,27,1971
"I3",1972,7,31,1972
"I3",1973,8,15,1973
"I3",1974,6,17,1974
"I3",1975,8,4,1975
"I3",1976,7,26,1976
"I3",1977,7,5,1977
"I3",1978,8,8,1978
"I3",1979,12,31,1979
"I3",1995,10,3,1995
"I3",2001,10,9,2001
"I3",2006,10,25,2006
"I3",2011,9,19,2011
"I3",2016,9,9,2016
"I4",1915,7,2,1915
"I4",1915,10,5,1915
"I4",1916,5,19,1916
"I4",1916,9,12,1916
"I4",1917,6,20,1917
"I4",1919,4,4,1918
"I4",1919,5,28,1919
"I4",1919,9,23,1919
"I4",1920,5,27,1920
"I4",1920,10,8,1920
"I4",1921,8,10,1921
"I4",1921,10,11,1921
"I4",1922,10,11,1922
"I4",1923,10,18,1923
"I4",1924,11,7,1924
"I4",1925,10,27,1925
"I4",1926,9,18,1926
"I4",1927,8,27,1927
"I4",1928,11,8,1928
"I4",1929,9,28,1929
"I4",1930,9,12,1930
"I4",1931,9,21,1931
"I4",1932,11,11,1932
"I4",1933,10,24,1933
"I4",1934,9,28,1934
"I4",1935,5,28,1935
"I4",1935,10,15,1935
"I4",1936,10,13,1936
"I4",1937,10,20,1937
"I4",1938,9,9,1938
"I4",1939,12,13,1939
"I4",1941,2,10,1940
"I4",1942,1,23,1941
"I4",1942,10,7,1942
"I4",1943,10,26,1943
"I4",1944,9,8,1944
"I4",1945,9,13,1945
"I4",1946,11,22,1946
"I4",1947,10,1,1947
"I4",1949,3,1,1948
"I4",1949,8,24,1949
"I4",1950,8,23,1950
"I4",1951,8,23,1951
"I4",1952,9,12,1952
"I4",1956,8,10,1956
"I4",1957,8,2,1957
"I4",1958,9,24,1958
"I4",1959,8,17,1959
"I4",1960,8,15,1960
"I4",1961,8,23,1961
"I4",1962,8,23,1962
"I4",1965,8,24,1965
"I4",1966,9,26,1966
"I4",1967,9,18,1967
"I4",1968,8,21,1968
"I4",1969,9,23,1969
"I4",1970,8,13,1970
"I4",1971,7,28,1971
"I4",1972,7,31,1972
"I4",1973,8,15,1973
"I4",1975,8,4,1975
"I4",1976,7,26,1976
"I4",1977,7,5,1977
"I4",1978,8,10,1978
"I4",1979,12,31,1979
"I4",1995,10,5,1995
"I4",2001,10,9,2001
"I4",2006,10,25,2006
"I4",2011,9,27,2011
"I4",2016,9,9,2016
"I5",1915,7,2,1915
"I5",1915,10,5,1915
"I5",1916,5,19,1916
"I5",1916,9,12,1916
"I5",1917,6,18,1917
"I5",1917,10,12,1917
"I5",1918,10,25,1918
"I5",1919,5,29,1919
"I5",1919,9,26,1919
"I5",1920,5,28,1920
"I5",1920,10,8,1920
"I5",1921,8,18,1921
"I5",1921,10,11,1921
"I5",1922,10,11,1922
"I5",1923,10,18,1923
"I5",1924,11,7,1924
"I5",1925,10,27,1925
"I5",1926,9,18,1926
"I5",1927,8,27,1927
"I5",1929,9,28,1929
"I5",1930,9,12,1930
"I5",1931,9,21,1931
"I5",1933,5,10,1932
"I5",1933,10,24,1933
"I5",1934,9,28,1934
"I5",1935,5,28,1935
"I5",1935,10,15,1935
"I5",1936,10,14,1936
"I5",1937,10,20,1937
"I5",1938,9,9,1938
"I5",1939,12,13,1939
"I5",1941,2,11,1940
"I5",1942,1,23,1941
"I5",1942,10,7,1942
"I5",1943,10,26,1943
"I5",1944,9,8,1944
"I5",1945,9,13,1945
"I5",1946,11,22,1946
"I5",1947,10,1,1947
"I5",1949,3,1,1948
"I5",1949,8,22,1949
"I5",1950,8,23,1950
"I5",1951,8,23,1951
"I5",1952,9,12,1952
"I5",1956,8,10,1956
"I5",1957,8,2,1957
"I5",1958,9,24,1958
"I5",1959,8,16,1959
"I5",1960,8,15,1960
"I5",1961,8,23,1961
"I5",1962,8,30,1962
"I5",1965,8,24,1965
"I5",1966,9,26,1966
"I5",1967,9,18,1967
"I5",1968,8,14,1968
"I5",1970,8,13,1970
"I5",1971,7,28,1971
"I5",1972,7,31,1972
"I5",1973,8,15,1973
"I5",1974,6,18,1974
"I5",1975,8,4,1975
"I5",1976,7,30,1976
"I5",1977,7,13,1977
"I5",1978,8,10,1978
"I5",1979,12,31,1979
"I5",1995,10,12,1995
"I5",2001,11,5,2001
"I5",2006,12,1,2006
"I5",2011,9,30,2011
"I5",2016,12,1,2016
"I6",1915,7,7,1915
"I6",1915,9,15,1915
"I6",1916,5,20,1916
"I6",1916,9,14,1916
"I6",1917,6,14,1917
"I6",1917,10,8,1917
"I6",1919,4,4,1918
"I6",1919,6,7,1919
"I6",1919,10,2,1919
"I6",1921,1,3,1920
"I6",1921,8,15,1921
"I6",1921,10,7,1921
"I6",1922,11,11,1922
"I6",1923,12,20,1923
"I6",1924,1,24,1923
"I6",1924,11,7,1924
"I6",1925,10,29,1925
"I6",1926,9,18,1926
"I6",1927,8,27,1927
"I6",1929,9,28,1929
"I6",1930,9,10,1930
"I6",1931,9,18,1931
"I6",1932,10,16,1932
"I6",1933,10,19,1933
"I6",1934,9,28,1934
"I6",1935,5,28,1935
"I6",1935,10,15,1935
"I6",1936,10,14,1936
"I6",1937,10,20,1937
"I6",1938,9,9,1938
"I6",1939,12,13,1939
"I6",1941,2,11,1940
"I6",1942,1,26,1941
"I6",1942,10,7,1942
"I6",1943,10,26,1943
"I6",1944,9,9,1944
"I6",1945,9,12,1945
"I6",1946,11,22,1946
"I6",1947,9,29,1947
"I6",1949,3,8,1948
"I6",1949,8,31,1949
"I6",1950,8,28,1950
"I6",1951,8,23,1951
"I6",1952,9,12,1952
"I6",1956,8,10,1956
"I6",1957,8,2,1957
"I6",1958,9,25,1958
"I6",1959,8,17,1959
"I6",1960,8,16,1960
"I6",1961,9,11,1961
"I6",1962,8,30,1962
"I6",1965,8,24,1965
"I6",1966,9,26,1966
"I6",1967,9,18,1967
"I6",1968,8,14,1968
"I6",1969,8,28,1969
"I6",1970,8,13,1970
"I6",1971,7,28,1971
"I6",1972,7,31,1972
"I6",1973,8,15,1973
"I6",1974,6,18,1974
"I6",1975,8,4,1975
"I6",1976,7,30,1976
"I6",1978,8,10,1978
"I6",1979,12,31,1979
"I6",1995,10,12,1995
"I6",2001,11,5,2001
"I6",2006,12,1,2006
"I6",2011,10,11,2011
"I6",2016,9,20,2016
"I7",1915,7,7,1915
"I7",1915,9,15,1915
"I7",1916,5,20,1916
"I7",1916,9,14,1916
"I7",1917,6,14,1917
"I7",1917,10,10,1917
"I7",1919,4,4,1918
"I7",1919,6,7,1919
"I7",1919,10,2,1919
"I7",1920,12,30,1920
"I7",1921,10,7,1921
"I7",1922,10,31,1922
"I7",1924,1,24,1923
"I7",1924,11,7,1924
"I7",1925,10,29,1925
"I7",1926,9,18,1926
"I7",1927,8,27,1927
"I7",1928,11,8,1928
"I7",1929,9,28,1929
"I7",1930,9,10,1930
"I7",1931,9,18,1931
"I7",1932,10,16,1932
"I7",1933,10,19,1933
"I7",1934,9,28,1934
"I7",1935,5,28,1935
"I7",1935,10,15,1935
"I7",1936,10,14,1936
"I7",1937,10,20,1937
"I7",1938,9,9,1938
"I7",1939,12,13,1939
"I7",1941,2,11,1940
"I7",1942,1,26,1941
"I7",1942,10,7,1942
"I7",1943,10,26,1943
"I7",1944,9,9,1944
"I7",1945,9,12,1945
"I7",1946,11,22,1946
"I7",1947,9,29,1947
"I7",1949,3,8,1948
"I7",1949,8,31,1949
"I7",1950,8,28,1950
"I7",1951,8,23,1951
"I7",1952,9,12,1952
"I7",1956,8,10,1956
"I7",1957,8,2,1957
"I7",1958,9,25,1958
"I7",1959,8,17,1959
"I7",1960,8,16,1960
"I7",1961,9,11,1961
"I7",1962,8,30,1962
"I7",1965,8,24,1965
"I7",1966,9,26,1966
"I7",1967,9,18,1967
"I7",1968,8,14,1968
"I7",1969,8,28,1969
"I7",1970,8,13,1970
"I7",1971,7,28,1971
"I7",1972,8,8,1972
"I7",1973,8,15,1973
"I7",1974,6,18,1974
"I7",1975,8,4,1975
"I7",1976,7,30,1976
"I7",1977,8,11,1977
"I7",1978,8,10,1978
"I7",1979,12,31,1979
"I7",1995,10,12,1995
"I7",2001,11,5,2001
"I7",2006,12,1,2006
"I7",2011,10,11,2011
"I7",2016,9,20,2016
"J1",1915,7,22,1915
"J1",1915,10,5,1915
"J1",1916,6,3,1916
"J1",1916,9,9,1916
"J1",1917,6,18,1917
"J1",1917,10,11,1917
"J1",1918,9,10,1918
"J1",1919,6,4,1919
"J1",1919,9,11,1919
"J1",1920,6,2,1920
"J1",1920,10,22,1920
"J1",1921,10,11,1921
"J1",1922,10,11,1922
"J1",1923,10,17,1923
"J1",1924,11,13,1924
"J1",1925,10,29,1925
"J1",1926,10,10,1926
"J1",1927,8,26,1927
"J1",1928,10,1,1928
"J1",1929,10,9,1929
"J1",1930,9,12,1930
"J1",1931,9,21,1931
"J1",1932,11,5,1932
"J1",1933,10,28,1933
"J1",1934,10,9,1934
"J1",1935,7,22,1935
"J1",1935,10,17,1935
"J1",1936,10,15,1936
"J1",1937,10,20,1937
"J1",1938,9,10,1938
"J1",1939,10,5,1939
"J1",1941,2,14,1940
"J1",1942,1,23,1941
"J1",1942,10,29,1942
"J1",1943,11,5,1943
"J1",1944,9,14,1944
"J1",1945,9,20,1945
"J1",1948,1,9,1947
"J1",1949,3,15,1948
"J1",1949,8,24,1949
"J1",1950,8,22,1950
"J1",1951,8,24,1951
"J1",1952,9,17,1952
"J1",1956,8,13,1956
"J1",1957,8,7,1957
"J1",1958,9,26,1958
"J1",1959,8,18,1959
"J1",1960,8,22,1960
"J1",1961,9,11,1961
"J1",1962,10,24,1962
"J1",1966,9,27,1966
"J1",1967,10,3,1967
"J1",1968,8,9,1968
"J1",1969,9,9,1969
"J1",1971,8,11,1971
"J1",1972,8,17,1972
"J1",1974,6,13,1974
"J1",1975,8,6,1975
"J1",1976,7,30,1976
"J1",1977,7,7,1977
"J1",1978,8,10,1978
"J1",1980,1,3,1979
"J1",1995,10,10,1995
"J1",2001,11,8,2001
"J1",2006,11,21,2006
"J1",2012,2,1,2011
"J1",2016,11,2,2016
"J12",1919,9,10,1919
"J12",1920,6,2,1920
"J12",1920,10,22,1920
"J12",1921,10,13,1921
"J12",1922,10,11,1922
"J12",1923,10,17,1923
"J12",1924,11,13,1924
"J12",1925,10,29,1925
"J12",1926,10,10,1926
"J12",1927,8,26,1927
"J12",1928,10,1,1928
"J12",1929,10,9,1929
"J12",1930,9,12,1930
"J12",1931,9,21,1931
"J12",1932,11,5,1932
"J12",1933,10,26,1933
"J12",1934,10,9,1934
"J12",1935,7,22,1935
"J12",1935,10,17,1935
"J12",1936,10,15,1936
"J12",1937,10,20,1937
"J12",1938,9,10,1938
"J12",1939,10,5,1939
"J12",1941,2,14,1940
"J12",1942,1,23,1941
"J12",1942,10,29,1942
"J12",1943,11,5,1943
"J12",1944,9,14,1944
"J12",1945,9,20,1945
"J12",1947,1,30,1946
"J12",1948,1,9,1947
"J12",1949,3,15,1948
"J12",1950,8,22,1950
"J12",1951,8,24,1951
"J12",1952,9,17,1952
"J12",1956,8,13,1956
"J12",1957,8,7,1957
"J12",1958,9,28,1958
"J12",1959,8,18,1959
"J12",1960,8,22,1960
"J12",1961,9,11,1961
"J12",1962,10,24,1962
"J12",1965,9,16,1965
"J12",1966,9,27,1966
"J12",1967,10,3,1967
"J12",1968,8,9,1968
"J12",1969,9,9,1969
"J12",1971,8,11,1971
"J12",1972,7,18,1972
"J12",1974,6,13,1974
"J12",1975,8,6,1975
"J12",1976,7,30,1976
"J12",1978,8,10,1978
"J12",1980,1,3,1979
"J12",1995,10,10,1995
"J12",2001,11,8,2001
"J12",2006,11,21,2006
"J12",2012,2,1,2011
"J12",2016,11,2,2016
"J22",1916,8,30,1916
"J22",1919,4,14,1918
"J22",1919,8,26,1919
"J22",1921,11,2,1921
"J22",1922,10,23,1922
"J22",1927,6,4,1927
"J22",1927,8,28,1927
"J22",1928,11,8,1928
"J22",1929,10,10,1929
"J22",1930,9,12,1930
"J22",1931,10,6,1931
"J22",1932,11,5,1932
"J22",1933,10,26,1933
"J22",1934,9,27,1934
"J22",1935,6,3,1935
"J22",1935,10,17,1935
"J22",1936,10,13,1936
"J22",1937,10,27,1937
"J22",1938,9,12,1938
"J22",1939,10,5,1939
"J22",1941,3,26,1940
"J22",1942,1,22,1941
"J22",1943,10,29,1943
"J22",1944,9,13,1944
"J22",1945,9,19,1945
"J22",1947,1,30,1946
"J22",1948,1,9,1947
"J22",1949,8,25,1949
"J22",1950,8,23,1950
"J22",1951,8,24,1951
"J22",1952,9,15,1952
"J22",1954,11,30,1954
"J22",1955,9,9,1955
"J22",1956,8,13,1956
"J22",1957,8,5,1957
"J22",1958,9,26,1958
"J22",1959,8,27,1959
"J22",1960,8,23,1960
"J22",1961,9,12,1961
"J22",1965,8,27,1965
"J22",1968,8,21,1968
"J22",1969,9,23,1969
"J22",1970,8,11,1970
"J22",1971,8,17,1971
"J22",1972,8,17,1972
"J22",1974,6,21,1974
"J22",1975,8,4,1975
"J22",1976,7,26,1976
"J22",1977,7,5,1977
"J22",1978,8,8,1978
"J22",1980,1,2,1979
"J22",1995,10,16,1995
"J22",2001,11,6,2001
"J22",2006,11,29,2006
"J22",2011,10,26,2011
"J22",2016,10,4,2016
"J8",1916,8,28,1916
"J8",1917,6,18,1917
"J8",1917,10,11,1917
"J8",1918,9,25,1918
"J8",1919,6,10,1919
"J8",1919,9,19,1919
"J8",1920,8,16,1920
"J8",1920,11,22,1920
"J8",1921,7,26,1921
"J8",1921,10,13,1921
"J8",1922,10,12,1922
"J8",1923,10,17,1923
"J8",1924,10,29,1924
"J8",1925,10,30,1925
"J8",1926,10,10,1926
"J8",1927,8,24,1927
"J8",1928,10,1,1928
"J8",1929,10,10,1929
"J8",1930,9,11,1930
"J8",1931,10,1,1931
"J8",1932,11,5,1932
"J8",1933,10,26,1933
"J8",1934,10,9,1934
"J8",1935,7,23,1935
"J8",1935,10,17,1935
"J8",1936,10,15,1936
"J8",1937,10,20,1937
"J8",1938,9,10,1938
"J8",1939,10,5,1939
"J8",1941,2,14,1940
"J8",1942,1,23,1941
"J8",1942,10,29,1942
"J8",1943,11,5,1943
"J8",1944,9,22,1944
"J8",1945,9,20,1945
"J8",1947,1,30,1946
"J8",1948,1,9,1947
"J8",1949,3,15,1948
"J8",1949,8,31,1949
"J8",1950,8,22,1950
"J8",1951,8,24,1951
"J8",1952,9,17,1952
"J8",1956,8,13,1956
"J8",1957,8,7,1957
"J8",1958,9,26,1958
"J8",1959,8,18,1959
"J8",1960,8,23,1960
"J8",1962,10,29,1962
"J8",1965,9,10,1965
"J8",1966,10,12,1966
"J8",1968,8,12,1968
"J8",1969,9,9,1969
"J8",1970,8,7,1970
"J8",1971,8,11,1971
"J8",1972,8,17,1972
"J8",1974,6,13,1974
"J8",1975,8,6,1975
"J8",1976,8,2,1976
"J8",1977,7,13,1977
"J8",1978,8,10,1978
"J8",1980,1,3,1979
"J8",1995,10,24,1995
"J8",2001,11,8,2001
"J8",2006,12,1,2006
"J8",2012,2,1,2011
"J8",2016,12,1,2016
"J9",1916,8,29,1916
"J9",1919,4,14,1918
"J9",1919,8,26,1919
"J9",1920,10,20,1920
"J9",1921,11,2,1921
"J9",1922,10,31,1922
"J9",1927,6,4,1927
"J9",1927,8,28,1927
"J9",1928,11,8,1928
"J9",1929,10,10,1929
"J9",1930,9,12,1930
"J9",1931,10,6,1931
"J9",1932,11,5,1932
"J9",1933,10,28,1933
"J9",1934,9,27,1934
"J9",1935,6,3,1935
"J9",1935,10,17,1935
"J9",1936,10,13,1936
"J9",1937,10,27,1937
"J9",1938,9,10,1938
"J9",1939,10,5,1939
"J9",1941,3,3,1940
"J9",1942,1,22,1941
"J9",1942,10,29,1942
"J9",1943,10,29,1943
"J9",1944,9,13,1944
"J9",1945,9,19,1945
"J9",1947,1,30,1946
"J9",1948,1,9,1947
"J9",1949,3,15,1948
"J9",1949,8,25,1949
"J9",1950,8,23,1950
"J9",1951,8,24,1951
"J9",1952,9,15,1952
"J9",1956,8,13,1956
"J9",1957,8,7,1957
"J9",1958,9,26,1958
"J9",1959,8,27,1959
"J9",1960,8,23,1960
"J9",1961,9,12,1961
"J9",1962,8,23,1962
"J9",1965,8,27,1965
"J9",1968,8,21,1968
"J9",1969,9,23,1969
"J9",1970,8,11,1970
"J9",1971,8,11,1971
"J9",1972,8,17,1972
"J9",1974,6,21,1974
"J9",1975,8,4,1975
"J9",1976,7,26,1976
"J9",1977,7,5,1977
"J9",1978,8,8,1978
"J9",1980,1,2,1979
"J9",1995,10,16,1995
"J9",2001,11,6,2001
"J9",2006,11,29,2006
"J9",2011,10,26,2011
"J9",2016,10,4,2016
"K1",1916,5,28,1916
"K1",1916,9,5,1916
"K1",1918,9,11,1918
"K1",1919,9,29,1919
"K1",1920,12,14,1920
"K1",1921,10,5,1921
"K1",1922,11,6,1922
"K1",1924,10,20,1924
"K1",1925,11,4,1925
"K1",1926,10,12,1926
"K1",1927,8,27,1927
"K1",1928,9,12,1928
"K1",1929,9,7,1929
"K1",1930,9,9,1930
"K1",1931,9,22,1931
"K1",1932,10,18,1932
"K1",1933,10,21,1933
"K1",1935,6,1,1935
"K1",1935,11,1,1935
"K1",1936,10,8,1936
"K1",1937,11,29,1937
"K1",1938,9,12,1938
"K1",1940,1,4,1939
"K1",1941,3,3,1940
"K1",1942,1,27,1941
"K1",1942,10,8,1942
"K1",1943,10,27,1943
"K1",1944,9,11,1944
"K1",1945,9,13,1945
"K1",1947,2,11,1946
"K1",1947,9,26,1947
"K1",1949,8,31,1949
"K1",1950,11,7,1950
"K1",1951,8,23,1951
"K1",1952,10,10,1952
"K1",1954,12,14,1954
"K1",1955,9,26,1955
"K1",1956,8,10,1956
"K1",1957,8,6,1957
"K1",1960,8,24,1960
"K1",1961,9,13,1961
"K1",1962,NA,NA,1962
"K1",1974,7,3,1974
"K1",1975,8,11,1975
"K1",1976,8,6,1976
"K1",1995,10,16,1995
"K1",2001,10,10,2001
"K1",2006,11,3,2006
"K1",2012,1,27,2011
"K1",2016,11,17,2016
"K2",1916,6,2,1916
"K2",1916,8,30,1916
"K2",1917,6,12,1917
"K2",1918,9,11,1918
"K2",1919,7,8,1919
"K2",1919,9,29,1919
"K2",1920,12,20,1920
"K2",1921,10,5,1921
"K2",1922,11,2,1922
"K2",1924,5,14,1923
"K2",1924,10,20,1924
"K2",1925,11,4,1925
"K2",1965,8,25,1965
"K2",1975,8,11,1975
"K2",1995,10,16,1995
"K2",2001,11,5,2001
"K2",2006,12,11,2006
"K2",2012,1,13,2011
"K2",2016,11,17,2016
"K3",1916,6,2,1916
"K3",1916,9,5,1916
"K3",1917,6,19,1917
"K3",1918,9,11,1918
"K3",1919,7,8,1919
"K3",1919,9,29,1919
"K3",1920,12,21,1920
"K3",1921,10,5,1921
"K3",1922,11,2,1922
"K3",1924,5,14,1923
"K3",1924,10,20,1924
"K3",1925,11,4,1925
"K3",1926,10,11,1926
"K3",1927,8,27,1927
"K3",1928,9,12,1928
"K3",1929,9,7,1929
"K3",1930,9,9,1930
"K3",1931,9,22,1931
"K3",1932,10,18,1932
"K3",1933,10,21,1933
"K3",1934,10,24,1934
"K3",1935,6,1,1935
"K3",1935,11,1,1935
"K3",1936,10,8,1936
"K3",1937,11,29,1937
"K3",1938,9,12,1938
"K3",1940,1,4,1939
"K3",1941,3,3,1940
"K3",1942,1,27,1941
"K3",1942,10,8,1942
"K3",1943,10,29,1943
"K3",1944,9,11,1944
"K3",1945,9,13,1945
"K3",1947,2,11,1946
"K3",1947,9,26,1947
"K3",1949,9,8,1949
"K3",1950,11,7,1950
"K3",1951,8,23,1951
"K3",1952,10,10,1952
"K3",1956,8,22,1956
"K3",1957,8,6,1957
"K3",1958,9,30,1958
"K3",1959,8,20,1959
"K3",1960,8,26,1960
"K3",1961,9,13,1961
"K3",1962,NA,NA,1962
"K3",1966,10,21,1966
"K3",1967,9,26,1967
"K3",1969,8,27,1969
"K3",1970,8,26,1970
"K3",1971,8,18,1971
"K3",1974,7,3,1974
"K3",1976,8,6,1976
"K3",1977,8,5,1977
"K3",1995,10,16,1995
"K3",2001,10,16,2001
"K3",2006,11,17,2006
"K3",2012,1,13,2011
"K3",2016,11,17,2016
"K4",1916,6,3,1916
"K4",1916,8,30,1916
"K4",1917,6,13,1917
"K4",1918,9,16,1918
"K4",1919,9,30,1919
"K4",1920,12,22,1920
"K4",1921,10,5,1921
"K4",1922,11,2,1922
"K4",1924,5,14,1923
"K4",1924,10,21,1924
"K4",1925,11,4,1925
"K4",1926,10,11,1926
"K4",1927,8,27,1927
"K4",1928,9,12,1928
"K4",1929,9,7,1929
"K4",1930,9,9,1930
"K4",1931,9,22,1931
"K4",1932,10,18,1932
"K4",1933,10,21,1933
"K4",1934,10,24,1934
"K4",1935,6,1,1935
"K4",1935,11,1,1935
"K4",1936,10,8,1936
"K4",1937,11,29,1937
"K4",1938,9,12,1938
"K4",1940,1,4,1939
"K4",1941,3,3,1940
"K4",1942,1,27,1941
"K4",1942,10,8,1942
"K4",1943,10,29,1943
"K4",1944,9,11,1944
"K4",1945,9,13,1945
"K4",1947,2,11,1946
"K4",1947,9,26,1947
"K4",1949,9,8,1949
"K4",1950,11,7,1950
"K4",1951,8,23,1951
"K4",1952,10,10,1952
"K4",1956,8,10,1956
"K4",1958,9,20,1958
"K4",1960,8,26,1960
"K4",1961,9,13,1961
"K4",1995,10,16,1995
"K4",2001,11,5,2001
"K4",2007,2,22,2006
"K4",2012,1,13,2011
"K4",2016,10,25,2016
"L1",1915,10,18,1915
"L1",1916,9,6,1916
"L1",1919,4,5,1918
"L1",1919,7,1,1919
"L1",1919,9,27,1919
"L1",1920,10,18,1920
"L1",1921,10,6,1921
"L1",1922,11,1,1922
"L1",1923,11,3,1923
"L1",1924,10,25,1924
"L1",1925,11,3,1925
"L1",1928,8,14,1928
"L1",1929,9,6,1929
"L1",1930,9,3,1930
"L1",1931,9,19,1931
"L1",1932,11,4,1932
"L1",1933,10,30,1933
"L1",1934,10,2,1934
"L1",1935,6,5,1935
"L1",1935,10,30,1935
"L1",1936,10,9,1936
"L1",1937,10,29,1937
"L1",1938,9,12,1938
"L1",1940,1,4,1939
"L1",1941,4,16,1940
"L1",1943,1,29,1942
"L1",1943,10,29,1943
"L1",1944,9,12,1944
"L1",1945,9,25,1945
"L1",1947,2,13,1946
"L1",1948,1,23,1947
"L1",1949,8,25,1949
"L1",1951,8,31,1951
"L1",1952,10,10,1952
"L1",1953,8,14,1953
"L1",1954,11,29,1954
"L1",1957,8,6,1957
"L1",1958,11,4,1958
"L1",1960,8,25,1960
"L1",1969,9,23,1969
"L1",1976,8,2,1976
"L1",1995,10,12,1995
"L1",2001,10,17,2001
"L1",2006,11,30,2006
"L1",2011,11,17,2011
"L1",2016,10,12,2016
"L2",1915,7,28,1915
"L2",1915,10,19,1915
"L2",1916,5,20,1916
"L2",1916,9,6,1916
"L2",1918,9,11,1918
"L2",1919,7,1,1919
"L2",1919,9,27,1919
"L2",1920,7,23,1920
"L2",1920,10,18,1920
"L2",1921,10,6,1921
"L2",1922,11,1,1922
"L2",1923,10,27,1923
"L2",1924,10,25,1924
"L2",1925,11,3,1925
"L2",1928,8,14,1928
"L2",1929,9,6,1929
"L2",1930,9,3,1930
"L2",1931,9,19,1931
"L2",1932,11,4,1932
"L2",1933,10,30,1933
"L2",1934,10,2,1934
"L2",1935,6,5,1935
"L2",1935,10,30,1935
"L2",1936,10,9,1936
"L2",1937,10,29,1937
"L2",1938,9,12,1938
"L2",1940,1,4,1939
"L2",1941,4,16,1940
"L2",1943,1,29,1942
"L2",1943,10,29,1943
"L2",1944,9,12,1944
"L2",1945,9,25,1945
"L2",1947,2,13,1946
"L2",1948,1,23,1947
"L2",1949,8,25,1949
"L2",1951,8,31,1951
"L2",1952,10,10,1952
"L2",1956,8,14,1956
"L2",1957,8,6,1957
"L2",1958,11,4,1958
"L2",1960,8,25,1960
"L2",1968,8,20,1968
"L2",1975,8,7,1975
"L2",1976,8,2,1976
"L2",1977,8,11,1977
"L2",1995,10,12,1995
"L2",2001,10,17,2001
"L2",2006,11,30,2006
"L2",2011,11,17,2011
"L2",2016,10,12,2016
"L3",1916,9,11,1916
"L3",1918,9,11,1918
"L3",1919,7,1,1919
"L3",1919,9,27,1919
"L3",1920,10,21,1920
"L3",1921,10,6,1921
"L3",1922,11,4,1922
"L3",1923,10,27,1923
"L3",1924,10,22,1924
"L3",1925,11,3,1925
"L3",1928,8,14,1928
"L3",1929,9,6,1929
"L3",1930,9,3,1930
"L3",1931,9,19,1931
"L3",1932,11,4,1932
"L3",1933,10,30,1933
"L3",1934,10,2,1934
"L3",1935,8,15,1935
"L3",1935,10,30,1935
"L3",1936,10,9,1936
"L3",1937,10,29,1937
"L3",1938,9,15,1938
"L3",1940,1,4,1939
"L3",1941,4,16,1940
"L3",1943,1,29,1942
"L3",1943,10,29,1943
"L3",1944,9,12,1944
"L3",1945,9,25,1945
"L3",1947,2,13,1946
"L3",1948,1,23,1947
"L3",1949,8,26,1949
"L3",1951,8,31,1951
"L3",1952,10,10,1952
"L3",1954,11,29,1954
"L3",1956,8,14,1956
"L3",1957,8,6,1957
"L3",1958,11,4,1958
"L3",1960,8,26,1960
"L3",1966,10,18,1966
"L3",1968,8,20,1968
"L3",1970,8,14,1970
"L3",1971,8,17,1971
"L3",1975,8,7,1975
"L3",1976,8,3,1976
"L3",1977,8,12,1977
"L3",1995,10,12,1995
"L3",2001,10,17,2001
"L3",2006,11,29,2006
"L3",2011,11,17,2011
"L3",2016,10,12,2016
"L3A",1929,9,6,1929
"L3A",1930,9,3,1930
"L3A",1931,9,19,1931
"L3A",1932,11,4,1932
"L3A",1933,10,30,1933
"L3A",1934,10,2,1934
"L3A",1935,8,14,1935
"L3A",1935,10,30,1935
"L3A",1936,10,9,1936
"L3A",1937,10,29,1937
"L3A",1938,9,15,1938
"L3A",1940,1,4,1939
"L3A",1941,4,16,1940
"L3A",1943,1,29,1942
"L3A",1943,10,29,1943
"L3A",1944,9,12,1944
"L3A",1945,9,25,1945
"L3A",1947,2,13,1946
"L3A",1948,1,23,1947
"L3A",1949,8,26,1949
"L3A",1954,11,29,1954
"L3A",1956,8,14,1956
"L3A",1957,8,6,1957
"L3A",1958,11,4,1958
"L3A",1960,8,26,1960
"L3A",1966,10,18,1966
"L3A",1968,8,20,1968
"L3A",1976,8,3,1976
"L3A",1977,8,12,1977
"L3A",1995,10,12,1995
"L3A",2001,10,17,2001
"L3A",2006,11,29,2006
"L3A",2011,11,17,2011
"L3A",2016,10,12,2016
"L4",1916,9,6,1916
"L4",1918,9,11,1918
"L4",1919,7,2,1919
"L4",1919,9,27,1919
"L4",1920,12,8,1920
"L4",1921,10,6,1921
"L4",1922,11,1,1922
"L4",1923,10,27,1923
"L4",1924,10,22,1924
"L4",1925,11,3,1925
"L4",1928,8,14,1928
"L4",1929,9,6,1929
"L4",1930,9,3,1930
"L4",1931,9,19,1931
"L4",1932,11,4,1932
"L4",1933,10,30,1933
"L4",1934,10,2,1934
"L4",1935,10,30,1935
"L4",1936,10,9,1936
"L4",1937,11,19,1937
"L4",1938,9,15,1938
"L4",1940,1,4,1939
"L4",1941,4,16,1940
"L4",1943,1,29,1942
"L4",1943,10,29,1943
"L4",1944,9,12,1944
"L4",1945,9,25,1945
"L4",1947,2,13,1946
"L4",1948,1,23,1947
"L4",1949,8,26,1949
"L4",1951,8,31,1951
"L4",1952,10,10,1952
"L4",1954,11,29,1954
"L4",1956,8,14,1956
"L4",1957,8,6,1957
"L4",1960,8,25,1960
"L4",1966,10,18,1966
"L4",1968,8,20,1968
"L4",1970,8,14,1970
"L4",1971,8,16,1971
"L4",1975,8,7,1975
"L4",1976,8,3,1976
"L4",1977,8,12,1977
"L4",1995,10,12,1995
"L4",2001,10,17,2001
"L4",2006,11,29,2006
"L4",2011,11,17,2011
"L4",2016,10,12,2016
"L5",1916,5,28,1916
"L5",1916,9,6,1916
"L5",1919,4,7,1918
"L5",1919,7,2,1919
"L5",1919,9,27,1919
"L5",1920,12,8,1920
"L5",1921,10,6,1921
"L5",1922,11,4,1922
"L5",1923,10,27,1923
"L5",1924,10,23,1924
"L5",1925,11,3,1925
"L5",1928,8,14,1928
"L5",1929,9,6,1929
"L5",1930,9,3,1930
"L5",1931,9,19,1931
"L5",1932,11,4,1932
"L5",1933,10,30,1933
"L5",1934,10,2,1934
"L5",1935,8,14,1935
"L5",1935,10,30,1935
"L5",1936,10,9,1936
"L5",1937,11,19,1937
"L5",1938,9,15,1938
"L5",1940,1,4,1939
"L5",1941,4,16,1940
"L5",1943,1,29,1942
"L5",1951,8,31,1951
"L5",1952,10,10,1952
"L5",1975,8,7,1975
"L5",1976,8,3,1976
"L5",1995,10,24,1995
"L5",2001,10,17,2001
"L5",2006,12,13,2006
"L5",2012,1,27,2011
"L5",2016,10,12,2016
"M5",1915,8,28,1915
"M5",1916,6,6,1916
"M5",1916,9,25,1916
"M5",1917,6,25,1917
"M5",1917,10,13,1917
"M5",1919,4,19,1918
"M5",1919,10,23,1919
"M5",1920,11,24,1920
"M5",1921,11,10,1921
"M5",1922,10,26,1922
"M5",1924,11,14,1924
"M5",1925,10,28,1925
"M5",1926,9,28,1926
"M5",1927,11,4,1927
"M5",1928,10,8,1928
"M5",1929,11,13,1929
"M5",1930,12,6,1930
"M5",1932,11,2,1932
"M5",1933,12,4,1933
"M5",1934,11,22,1934
"M5",1935,7,31,1935
"M5",1935,10,22,1935
"M5",1938,1,17,1937
"M5",1938,9,15,1938
"M5",1940,1,11,1939
"M5",1941,2,4,1940
"M5",1943,4,9,1942
"M5",1944,5,13,1943
"M5",1945,3,13,1944
"M5",1945,9,24,1945
"M5",1947,2,14,1946
"M5",1947,9,30,1947
"M5",1951,8,30,1951
"M5",1954,12,1,1954
"M5",1956,8,15,1956
"M5",1957,8,8,1957
"M5",1968,8,12,1968
"M5",1971,8,9,1971
"M5",1972,8,17,1972
"M5",1973,8,14,1973
"M5",1974,7,3,1974
"M5",1975,8,7,1975
"M5",1977,7,13,1977
"M5",1980,1,7,1979
"M5",1995,10,24,1995
"M5",2001,10,19,2001
"M5",2006,11,30,2006
"M5",2012,1,26,2011
"M5",2016,9,20,2016
"M6",1915,8,28,1915
"M6",1916,6,6,1916
"M6",1916,9,25,1916
"M6",1917,6,25,1917
"M6",1917,10,13,1917
"M6",1919,4,19,1918
"M6",1919,10,23,1919
"M6",1920,11,24,1920
"M6",1921,11,10,1921
"M6",1922,10,26,1922
"M6",1924,11,14,1924
"M6",1925,10,24,1925
"M6",1926,9,28,1926
"M6",1927,11,4,1927
"M6",1928,10,8,1928
"M6",1929,11,13,1929
"M6",1930,12,6,1930
"M6",1931,11,19,1931
"M6",1932,11,2,1932
"M6",1933,11,22,1933
"M6",1934,11,19,1934
"M6",1935,7,31,1935
"M6",1935,10,22,1935
"M6",1938,1,17,1937
"M6",1938,9,15,1938
"M6",1940,1,11,1939
"M6",1941,2,4,1940
"M6",1943,4,9,1942
"M6",1944,5,13,1943
"M6",1945,3,13,1944
"M6",1945,9,24,1945
"M6",1947,9,30,1947
"M6",1951,8,30,1951
"M6",1954,12,1,1954
"M6",1956,8,15,1956
"M6",1957,8,8,1957
"M6",1971,8,9,1971
"M6",1972,8,17,1972
"M6",1973,8,14,1973
"M6",1974,7,3,1974
"M6",1975,8,7,1975
"M6",1976,8,2,1976
"M6",1977,7,13,1977
"M6",1980,1,7,1979
"M6",1995,10,24,1995
"M6",2001,10,19,2001
"M6",2006,11,30,2006
"M6",2012,1,26,2011
"M6",2016,9,20,2016
"MG1",1995,10,6,1995
"MG1",2001,11,5,2001
"MG1",2006,11,14,2006
"MG1",2012,1,13,2011
"MG1",2016,10,21,2016
"MG2",1995,10,6,1995
"MG2",2001,11,2,2001
"MG2",2006,11,14,2006
"MG2",2012,1,18,2011
"MG2",2016,10,25,2016
"MG3",1995,10,6,1995
"MG3",2001,11,2,2001
"MG3",2006,11,14,2006
"MG3",2012,1,18,2011
"MG3",2016,10,25,2016
"MG4",1995,10,24,1995
"MG4",2001,11,2,2001
"MG4",2006,11,13,2006
"MG4",2012,1,18,2011
"MG4",2016,10,25,2016
"MG5",1995,10,6,1995
"MG5",2001,11,2,2001
"MG5",2006,11,13,2006
"MG5",2012,1,18,2011
"MG5",2016,10,21,2016
"MG6",1995,10,6,1995
"MG6",2001,11,2,2001
"MG6",2006,11,13,2006
"MG6",2012,1,18,2011
"MG6",2016,10,21,2016
"MG7",1995,10,6,1995
"MG7",2001,11,2,2001
"MG7",2006,11,13,2006
"MG7",2012,1,18,2011
"MG7",2016,10,21,2016
"N1",1926,10,12,1926
"N1",1927,8,26,1927
"N1",1928,9,28,1928
"N1",1929,10,11,1929
"N1",1930,9,11,1930
"N1",1931,10,2,1931
"N1",1932,10,15,1932
"N1",1933,10,25,1933
"N1",1934,9,25,1934
"N1",1935,7,19,1935
"N1",1935,10,16,1935
"N1",1936,10,14,1936
"N1",1937,10,21,1937
"N1",1938,10,5,1938
"N1",1939,12,8,1939
"N1",1941,2,3,1940
"N1",1942,1,16,1941
"N1",1942,10,28,1942
"N1",1943,11,6,1943
"N1",1944,9,14,1944
"N1",1946,2,21,1945
"N1",1947,2,10,1946
"N1",1948,4,13,1947
"N1",1949,3,8,1948
"N1",1949,8,29,1949
"N1",1950,8,22,1950
"N1",1951,8,29,1951
"N1",1952,9,15,1952
"N1",1956,8,13,1956
"N1",1957,8,8,1957
"N1",1958,9,26,1958
"N1",1959,8,18,1959
"N1",1960,8,23,1960
"N1",1961,9,11,1961
"N1",1965,9,20,1965
"N1",1966,10,12,1966
"N1",1968,8,9,1968
"N1",1969,11,4,1969
"N1",1970,8,7,1970
"N1",1971,8,11,1971
"N1",1972,8,17,1972
"N1",1974,6,13,1974
"N1",1975,8,7,1975
"N1",1976,8,2,1976
"N1",1977,7,6,1977
"N1",1978,8,16,1978
"N1",1980,1,3,1979
"N1",1995,10,11,1995
"N1",2001,11,7,2001
"N1",2006,12,4,2006
"N1",2011,9,29,2011
"N1",2016,12,15,2016
"N3",1916,8,29,1916
"N3",1917,6,25,1917
"N3",1917,10,18,1917
"N3",1918,9,26,1918
"N3",1919,6,4,1919
"N3",1919,9,19,1919
"N3",1919,12,29,1919
"N3",1920,7,19,1920
"N3",1920,10,13,1920
"N3",1921,10,13,1921
"N3",1922,10,12,1922
"N3",1924,2,9,1923
"N3",1924,10,29,1924
"N3",1925,10,30,1925
"N3",1926,10,14,1926
"N3",1927,8,26,1927
"N3",1928,9,28,1928
"N3",1931,10,2,1931
"N3",1932,10,15,1932
"N3",1933,10,25,1933
"N3",1934,9,26,1934
"N3",1935,7,22,1935
"N3",1935,10,16,1935
"N3",1936,10,14,1936
"N3",1937,10,21,1937
"N3",1938,10,5,1938
"N3",1939,12,12,1939
"N3",1941,2,4,1940
"N3",1942,1,22,1941
"N3",1942,10,28,1942
"N3",1943,11,6,1943
"N3",1944,9,14,1944
"N3",1946,2,21,1945
"N3",1947,2,10,1946
"N3",1948,4,13,1947
"N3",1949,3,8,1948
"N3",1949,8,31,1949
"N3",1950,8,22,1950
"N3",1951,8,29,1951
"N3",1956,8,13,1956
"N3",1957,8,8,1957
"N3",1958,9,26,1958
"N3",1959,8,21,1959
"N3",1961,9,11,1961
"N3",1966,10,12,1966
"N3",1968,8,12,1968
"N3",1970,8,11,1970
"N3",1971,8,11,1971
"N3",1972,9,7,1972
"N3",1974,6,26,1974
"N3",1975,8,7,1975
"N3",1976,8,2,1976
"N3",1977,7,7,1977
"N3",1978,9,9,1978
"N3",1980,1,4,1979
"N3",1995,10,12,1995
"N3",2001,11,6,2001
"N3",2006,12,4,2006
"N3",2012,2,1,2011
"N3",2016,12,13,2016
"N3A",1929,10,11,1929
"N3A",1930,9,11,1930
"N3A",1931,10,2,1931
"N3A",1932,10,15,1932
"N3A",1933,10,25,1933
"N3A",1934,9,25,1934
"N3A",1935,7,19,1935
"N3A",1935,10,16,1935
"N3A",1936,10,14,1936
"N3A",1937,10,21,1937
"N3A",1938,10,5,1938
"N3A",1939,12,12,1939
"N3A",1941,2,4,1940
"N3A",1942,1,22,1941
"N3A",1942,10,28,1942
"N3A",1943,11,6,1943
"N3A",1944,9,14,1944
"N3A",1946,2,20,1945
"N3A",1947,2,10,1946
"N3A",1948,4,13,1947
"N3A",1949,3,8,1948
"N3A",1949,8,31,1949
"N3A",1950,8,23,1950
"N3A",1951,8,29,1951
"N3A",1952,9,15,1952
"N3A",1955,9,15,1955
"N3A",1957,8,8,1957
"N3A",1958,9,26,1958
"N3A",1959,8,21,1959
"N3A",1960,8,23,1960
"N3A",1961,9,11,1961
"N3A",1965,10,21,1965
"N3A",1966,10,12,1966
"N3A",1968,8,12,1968
"N3A",1970,8,11,1970
"N3A",1971,8,11,1971
"N3A",1972,9,7,1972
"N3A",1974,6,26,1974
"N3A",1975,8,7,1975
"N3A",1976,8,2,1976
"N3A",1977,7,7,1977
"N3A",1978,9,9,1978
"N3A",1980,1,4,1979
"N3A",1995,10,12,1995
"N3A",2001,11,6,2001
"N3A",2006,12,4,2006
"N3A",2012,2,1,2011
"N3A",2016,12,15,2016
"N4",1919,5,23,1919
"N4",1919,9,17,1919
"N4",1919,12,17,1919
"N4",1920,6,8,1920
"N4",1920,9,30,1920
"N4",1921,10,14,1921
"N4",1922,10,12,1922
"N4",1923,10,17,1923
"N4",1924,10,29,1924
"N4",1925,10,30,1925
"N4",1926,10,12,1926
"N4",1927,8,26,1927
"N4",1928,9,28,1928
"N4",1929,10,11,1929
"N4",1930,9,11,1930
"N4",1931,10,2,1931
"N4",1932,10,15,1932
"N4",1933,10,25,1933
"N4",1934,9,25,1934
"N4",1935,7,19,1935
"N4",1935,10,16,1935
"N4",1937,10,21,1937
"N4",1938,10,5,1938
"N4",1939,12,12,1939
"N4",1941,2,3,1940
"N4",1942,1,16,1941
"N4",1942,10,28,1942
"N4",1943,11,5,1943
"N4",1944,9,14,1944
"N4",1946,2,21,1945
"N4",1947,2,10,1946
"N4",1948,4,13,1947
"N4",1949,3,8,1948
"N4",1949,8,29,1949
"N4",1950,8,22,1950
"N4",1951,8,29,1951
"N4",1952,9,15,1952
"N4",1955,9,8,1955
"N4",1956,8,13,1956
"N4",1957,8,8,1957
"N4",1958,9,26,1958
"N4",1959,8,18,1959
"N4",1960,8,23,1960
"N4",1961,9,11,1961
"N4",1965,9,20,1965
"N4",1966,10,11,1966
"N4",1968,8,9,1968
"N4",1969,11,4,1969
"N4",1970,8,7,1970
"N4",1971,8,11,1971
"N4",1972,8,17,1972
"N4",1974,6,13,1974
"N4",1975,8,7,1975
"N4",1976,7,2,1976
"N4",1977,8,5,1977
"N4",1978,8,16,1978
"N4",1980,1,3,1979
"N4",1995,10,11,1995
"N4",2001,11,7,2001
"N4",2006,12,4,2006
"N4",2011,9,29,2011
"N4",2016,12,15,2016
"N5",1919,5,23,1919
"N5",1919,9,17,1919
"N5",1919,12,29,1919
"N5",1920,7,16,1920
"N5",1920,10,9,1920
"N5",1921,10,14,1921
"N5",1922,10,12,1922
"N5",1923,10,17,1923
"N5",1924,10,29,1924
"N5",1925,10,30,1925
"N5",1926,10,14,1926
"N5",1927,8,26,1927
"N5",1928,9,28,1928
"N5",1929,10,11,1929
"N5",1930,9,11,1930
"N5",1931,10,2,1931
"N5",1932,10,15,1932
"N5",1933,10,25,1933
"N5",1934,9,25,1934
"N5",1935,7,19,1935
"N5",1935,10,16,1935
"N5",1936,10,14,1936
"N5",1937,10,21,1937
"N5",1938,10,5,1938
"N5",1939,12,12,1939
"N5",1941,2,3,1940
"N5",1942,1,22,1941
"N5",1942,10,28,1942
"N5",1943,11,6,1943
"N5",1944,9,14,1944
"N5",1946,2,20,1945
"N5",1947,2,10,1946
"N5",1948,4,13,1947
"N5",1949,3,8,1948
"N5",1949,8,31,1949
"N5",1950,8,22,1950
"N5",1951,8,29,1951
"N5",1952,9,15,1952
"N5",1956,8,13,1956
"N5",1957,8,8,1957
"N5",1958,9,26,1958
"N5",1959,8,21,1959
"N5",1960,8,23,1960
"N5",1961,9,11,1961
"N5",1965,9,20,1965
"N5",1966,10,12,1966
"N5",1968,8,12,1968
"N5",1969,11,4,1969
"N5",1970,8,11,1970
"N5",1971,8,11,1971
"N5",1972,8,17,1972
"N5",1974,6,13,1974
"N5",1975,8,7,1975
"N5",1976,8,2,1976
"N5",1977,8,5,1977
"N5",1978,8,16,1978
"N5",1980,1,4,1979
"N5",1995,10,11,1995
"N5",2001,11,15,2001
"N5",2006,12,4,2006
"N5",2012,2,1,2011
"N5",2016,12,15,2016
"N6",1919,5,26,1919
"N6",1919,9,18,1919
"N6",1919,12,29,1919
"N6",1920,7,19,1920
"N6",1920,10,12,1920
"N6",1921,10,22,1921
"N6",1922,10,12,1922
"N6",1923,10,17,1923
"N6",1924,10,29,1924
"N6",1925,10,30,1925
"N6",1926,10,14,1926
"N6",1927,8,26,1927
"N6",1928,9,28,1928
"N6",1929,10,11,1929
"N6",1930,9,11,1930
"N6",1931,10,2,1931
"N6",1932,10,15,1932
"N6",1933,10,25,1933
"N6",1934,9,25,1934
"N6",1935,7,22,1935
"N6",1935,10,16,1935
"N6",1936,10,14,1936
"N6",1937,10,21,1937
"N6",1938,10,5,1938
"N6",1939,12,12,1939
"N6",1941,2,3,1940
"N6",1942,1,22,1941
"N6",1942,10,28,1942
"N6",1943,11,6,1943
"N6",1944,9,14,1944
"N6",1946,2,21,1945
"N6",1947,2,10,1946
"N6",1948,4,13,1947
"N6",1949,3,8,1948
"N6",1949,8,31,1949
"N6",1950,8,22,1950
"N6",1951,8,29,1951
"N6",1952,9,15,1952
"N6",1956,8,13,1956
"N6",1957,8,8,1957
"N6",1958,9,26,1958
"N6",1960,8,23,1960
"N6",1965,10,21,1965
"N6",1966,10,12,1966
"N6",1968,8,12,1968
"N6",1970,8,11,1970
"N6",1971,8,11,1971
"N6",1972,9,7,1972
"N6",1974,6,26,1974
"N6",1975,8,7,1975
"N6",1976,8,2,1976
"N6",1995,10,11,1995
"N6",2001,11,15,2001
"N6",2006,12,4,2006
"N6",2012,2,1,2011
"N6",2016,12,13,2016
"P1",1919,7,23,1919
"P1",1921,11,1,1921
"P1",1923,5,16,1922
"P1",1924,4,22,1923
"P1",1924,10,29,1924
"P1",1925,10,31,1925
"P1",1926,9,20,1926
"P1",1927,8,29,1927
"P1",1928,10,2,1928
"P1",1929,10,4,1929
"P1",1930,9,11,1930
"P1",1931,9,24,1931
"P1",1932,11,11,1932
"P1",1933,10,31,1933
"P1",1934,10,8,1934
"P1",1935,8,15,1935
"P1",1935,10,18,1935
"P1",1936,10,7,1936
"P1",1937,10,27,1937
"P1",1940,1,10,1939
"P1",1942,10,28,1942
"P1",1943,11,16,1943
"P1",1944,9,20,1944
"P1",1946,2,21,1945
"P1",1947,2,19,1946
"P1",1949,8,26,1949
"P1",1952,11,6,1952
"P1",1954,11,24,1954
"P1",1956,8,16,1956
"P1",1957,8,9,1957
"P1",1970,8,6,1970
"P1",1971,8,9,1971
"P1",1975,8,7,1975
"P1",1976,8,3,1976
"P1",1977,8,12,1977
"P1",1978,8,15,1978
"P1",1980,1,19,1979
"P1",1995,10,11,1995
"P1",2001,11,7,2001
"P1",2006,12,5,2006
"P1",2012,1,25,2011
"P1",2016,12,13,2016
"P2",1919,8,12,1919
"P2",1923,5,15,1922
"P2",1924,4,17,1923
"P2",1924,10,30,1924
"P2",1925,10,31,1925
"P2",1926,9,20,1926
"P2",1927,8,29,1927
"P2",1928,10,2,1928
"P2",1929,10,4,1929
"P2",1930,9,11,1930
"P2",1931,9,24,1931
"P2",1932,11,11,1932
"P2",1933,11,3,1933
"P2",1934,10,8,1934
"P2",1935,7,25,1935
"P2",1936,10,7,1936
"P2",1937,10,28,1937
"P2",1938,10,4,1938
"P2",1940,1,10,1939
"P2",1941,4,14,1940
"P2",1942,10,28,1942
"P2",1943,11,16,1943
"P2",1944,9,20,1944
"P2",1946,2,21,1945
"P2",1947,2,19,1946
"P2",1949,8,26,1949
"P2",1952,11,6,1952
"P2",1956,8,16,1956
"P2",1957,8,9,1957
"P2",1960,8,25,1960
"P2",1968,8,12,1968
"P2",1970,8,6,1970
"P2",1972,8,18,1972
"P2",1975,8,7,1975
"P2",1976,8,3,1976
"P2",1977,8,12,1977
"P2",1978,8,15,1978
"P2",1980,1,19,1979
"P2",1995,10,11,1995
"P2",2001,10,24,2001
"P2",2006,12,5,2006
"P2",2012,1,25,2011
"P2",2016,12,13,2016
"P3",1919,8,23,1919
"P3",1922,5,1,1921
"P3",1923,5,15,1922
"P3",1924,4,18,1923
"P3",1924,10,30,1924
"P3",1925,10,31,1925
"P3",1926,9,20,1926
"P3",1927,8,29,1927
"P3",1928,10,2,1928
"P3",1929,10,4,1929
"P3",1930,9,11,1930
"P3",1931,9,24,1931
"P3",1932,11,11,1932
"P3",1933,11,3,1933
"P3",1934,10,8,1934
"P3",1935,10,19,1935
"P3",1936,10,7,1936
"P3",1937,10,28,1937
"P3",1938,10,4,1938
"P3",1940,1,10,1939
"P3",1941,4,15,1940
"P3",1942,10,28,1942
"P3",1943,11,16,1943
"P3",1944,9,20,1944
"P3",1946,2,21,1945
"P3",1947,2,19,1946
"P3",1949,8,29,1949
"P3",1956,8,16,1956
"P3",1957,8,9,1957
"P3",1960,8,25,1960
"P3",1968,8,12,1968
"P3",1971,8,9,1971
"P3",1972,8,18,1972
"P3",1975,8,7,1975
"P3",1976,8,3,1976
"P3",1995,10,11,1995
"P3",2001,11,7,2001
"P3",2006,12,5,2006
"P3",2012,1,25,2011
"P3",2016,12,13,2016
"P4",1919,8,13,1919
"P4",1922,5,2,1921
"P4",1923,5,15,1922
"P4",1924,4,18,1923
"P4",1924,10,31,1924
"P4",1925,10,31,1925
"P4",1926,9,20,1926
"P4",1927,8,29,1927
"P4",1928,10,2,1928
"P4",1929,10,4,1929
"P4",1930,9,11,1930
"P4",1931,9,24,1931
"P4",1932,11,11,1932
"P4",1933,11,3,1933
"P4",1934,10,9,1934
"P4",1935,7,26,1935
"P4",1935,10,19,1935
"P4",1936,10,7,1936
"P4",1937,10,28,1937
"P4",1938,10,4,1938
"P4",1940,1,10,1939
"P4",1941,4,15,1940
"P4",1942,10,28,1942
"P4",1943,11,16,1943
"P4",1944,9,20,1944
"P4",1946,2,21,1945
"P4",1947,2,19,1946
"P4",1949,8,29,1949
"P4",1952,11,6,1952
"P4",1956,8,16,1956
"P4",1957,8,9,1957
"P4",1960,8,25,1960
"P4",1972,8,18,1972
"P4",1974,6,28,1974
"P4",1975,8,7,1975
"P4",1976,8,3,1976
"P4",1995,10,11,1995
"P4",2001,11,7,2001
"P4",2006,12,5,2006
"P4",2012,1,25,2011
"P4",2016,12,13,2016
"P5",1927,8,29,1927
"P5",1928,10,2,1928
"P5",1929,10,4,1929
"P5",1930,9,11,1930
"P5",1931,9,24,1931
"P5",1932,11,11,1932
"P5",1933,11,3,1933
"P5",1934,10,8,1934
"P5",1935,7,25,1935
"P5",1935,10,19,1935
"P5",1936,10,7,1936
"P5",1937,10,28,1937
"P5",1938,10,4,1938
"P5",1940,1,10,1939
"P5",1941,4,15,1940
"P5",1942,10,28,1942
"P5",1943,11,16,1943
"P5",1944,9,20,1944
"P5",1946,2,21,1945
"P5",1947,2,19,1946
"P5",1949,8,29,1949
"P5",1954,11,24,1954
"P5",1956,8,16,1956
"P5",1957,8,9,1957
"P5",1971,8,9,1971
"P5",1972,8,18,1972
"P5",1995,10,24,1995
"P5",2001,11,7,2001
"P5",2006,12,5,2006
"P5",2012,1,25,2011
"P5",2016,12,13,2016
"PBR1",1995,10,24,1995
"PBR1",2001,10,30,2001
"PBR1",2006,11,9,2006
"PBR1",2012,1,19,2011
"PBR1",2016,12,6,2016
"PBR2",1995,10,24,1995
"PBR2",2001,10,30,2001
"PBR2",2006,11,9,2006
"PBR2",2012,1,19,2011
"PBR2",2016,12,2,2016
"PBR3",2007,3,1,2006
"PBR3",2012,1,19,2011
"PBR3",2016,12,15,2016
"PBR4",1995,10,30,1995
"PBR4",2007,3,1,2006
"PBR4",2012,1,19,2011
"PBR4",2016,12,15,2016
"PSG1",2001,10,15,2001
"PSG1",2007,2,22,2006
"PSG1",2012,1,12,2011
"PSG1",2016,11,17,2016
"PSG10",2001,10,16,2001
"PSG10",2006,12,8,2006
"PSG10",2012,1,12,2011
"PSG10",2016,10,25,2016
"PSG11",2001,10,16,2001
"PSG11",2006,12,8,2006
"PSG11",2012,1,13,2011
"PSG11",2016,10,27,2016
"PSG12",2001,10,16,2001
"PSG12",2006,12,8,2006
"PSG12",2012,1,13,2011
"PSG12",2016,10,27,2016
"PSG13",2001,10,16,2001
"PSG13",2006,12,8,2006
"PSG13",2012,1,13,2011
"PSG13",2016,10,27,2016
"PSG14",2001,10,15,2001
"PSG14",2006,12,11,2006
"PSG14",2012,1,12,2011
"PSG14",2016,11,17,2016
"PSG2",2001,10,15,2001
"PSG2",2006,12,11,2006
"PSG2",2012,1,12,2011
"PSG2",2016,11,17,2016
"PSG3",2001,10,15,2001
"PSG3",2006,12,11,2006
"PSG3",2012,1,12,2011
"PSG3",2016,10,27,2016
"PSG4",2001,10,15,2001
"PSG4",2006,12,8,2006
"PSG4",2012,1,12,2011
"PSG4",2016,10,27,2016
"PSG5",2001,10,15,2001
"PSG5",2006,12,8,2006
"PSG5",2012,1,12,2011
"PSG5",2016,10,27,2016
"PSG6",2001,10,15,2001
"PSG6",2006,12,8,2006
"PSG6",2012,1,12,2011
"PSG6",2016,10,27,2016
"PSG7",2001,10,16,2001
"PSG7",2006,12,8,2006
"PSG7",2012,1,12,2011
"PSG7",2016,10,27,2016
"PSG8",2001,10,16,2001
"PSG8",2006,12,8,2006
"PSG8",2012,1,12,2011
"PSG8",2016,10,27,2016
"PSG9",2001,10,16,2001
"PSG9",2006,12,8,2006
"PSG9",2012,1,12,2011
"PSG9",2016,10,25,2016
"R1",1919,11,1,1919
"R1",1920,10,20,1920
"R1",1921,10,25,1921
"R1",1922,10,23,1922
"R1",1923,11,1,1923
"R1",1924,12,4,1924
"R1",1925,11,2,1925
"R1",1926,9,24,1926
"R1",1927,8,27,1927
"R1",1928,11,7,1928
"R1",1929,10,10,1929
"R1",1930,9,12,1930
"R1",1931,10,6,1931
"R1",1932,11,9,1932
"R1",1933,10,26,1933
"R1",1934,9,27,1934
"R1",1935,6,3,1935
"R1",1935,10,17,1935
"R1",1936,10,13,1936
"R1",1937,10,27,1937
"R1",1938,9,26,1938
"R1",1939,12,7,1939
"R1",1941,3,3,1940
"R1",1942,1,22,1941
"R1",1943,1,29,1942
"R1",1943,11,5,1943
"R1",1944,9,13,1944
"R1",1945,9,19,1945
"R1",1947,1,30,1946
"R1",1948,1,9,1947
"R1",1949,8,25,1949
"R1",1950,8,13,1950
"R1",1951,8,24,1951
"R1",1952,9,15,1952
"R1",1956,8,15,1956
"R1",1957,8,7,1957
"R1",1958,9,26,1958
"R1",1959,8,27,1959
"R1",1960,8,24,1960
"R1",1962,8,23,1962
"R1",1965,8,28,1965
"R1",1968,8,21,1968
"R1",1969,9,23,1969
"R1",1970,8,11,1970
"R1",1971,8,17,1971
"R1",1974,6,21,1974
"R1",1975,8,4,1975
"R1",1976,7,26,1976
"R1",1977,7,6,1977
"R1",1978,8,9,1978
"R1",1980,1,2,1979
"R1",1995,10,16,1995
"R1",2001,11,6,2001
"R1",2006,11,29,2006
"R1",2011,10,26,2011
"R1",2016,10,4,2016
"R2",1919,12,5,1919
"R2",1920,10,20,1920
"R2",1921,10,25,1921
"R2",1922,10,23,1922
"R2",1923,11,1,1923
"R2",1924,12,5,1924
"R2",1925,11,2,1925
"R2",1926,9,24,1926
"R2",1927,8,28,1927
"R2",1928,11,7,1928
"R2",1929,10,10,1929
"R2",1930,9,12,1930
"R2",1931,10,6,1931
"R2",1932,11,9,1932
"R2",1933,10,26,1933
"R2",1934,9,27,1934
"R2",1935,6,4,1935
"R2",1935,10,18,1935
"R2",1936,10,13,1936
"R2",1937,10,27,1937
"R2",1938,9,26,1938
"R2",1939,12,7,1939
"R2",1941,3,26,1940
"R2",1942,1,22,1941
"R2",1943,1,29,1942
"R2",1943,11,5,1943
"R2",1944,9,13,1944
"R2",1945,9,19,1945
"R2",1947,1,30,1946
"R2",1948,1,9,1947
"R2",1949,8,25,1949
"R2",1950,8,23,1950
"R2",1951,8,29,1951
"R2",1952,9,18,1952
"R2",1956,8,15,1956
"R2",1957,8,7,1957
"R2",1958,9,26,1958
"R2",1959,8,21,1959
"R2",1960,8,24,1960
"R2",1961,9,11,1961
"R2",1962,8,23,1962
"R2",1965,8,27,1965
"R2",1968,8,21,1968
"R2",1969,9,23,1969
"R2",1970,8,13,1970
"R2",1971,8,16,1971
"R2",1972,8,18,1972
"R2",1974,6,26,1974
"R2",1975,8,4,1975
"R2",1976,7,26,1976
"R2",1977,7,5,1977
"R2",1978,8,9,1978
"R2",1980,1,2,1979
"R2",1995,10,16,1995
"R2",2006,12,1,2006
"R2",2011,10,26,2011
"R2",2016,10,4,2016
"R3",1919,12,5,1919
"R3",1920,10,28,1920
"R3",1921,10,25,1921
"R3",1922,10,31,1922
"R3",1923,11,1,1923
"R3",1924,12,4,1924
"R3",1925,11,2,1925
"R3",1926,9,24,1926
"R3",1927,8,28,1927
"R3",1928,11,7,1928
"R3",1929,10,10,1929
"R3",1930,12,12,1930
"R3",1931,10,6,1931
"R3",1932,11,9,1932
"R3",1933,10,26,1933
"R3",1934,9,27,1934
"R3",1935,6,4,1935
"R3",1935,10,18,1935
"R3",1936,10,13,1936
"R3",1937,10,27,1937
"R3",1938,9,26,1938
"R3",1939,12,8,1939
"R3",1941,3,26,1940
"R3",1942,1,22,1941
"R3",1943,1,29,1942
"R3",1943,11,5,1943
"R3",1944,9,13,1944
"R3",1945,9,19,1945
"R3",1947,1,30,1946
"R3",1948,1,9,1947
"R3",1949,8,25,1949
"R3",1950,8,23,1950
"R3",1951,8,29,1951
"R3",1952,9,17,1952
"R3",1956,8,15,1956
"R3",1957,8,7,1957
"R3",1958,9,26,1958
"R3",1959,8,21,1959
"R3",1960,8,24,1960
"R3",1961,9,11,1961
"R3",1962,8,23,1962
"R3",1965,8,27,1965
"R3",1968,8,21,1968
"R3",1969,9,23,1969
"R3",1970,8,13,1970
"R3",1971,8,17,1971
"R3",1972,8,18,1972
"R3",1974,6,21,1974
"R3",1975,8,4,1975
"R3",1976,7,26,1976
"R3",1977,7,5,1977
"R3",1978,8,9,1978
"R3",1980,1,2,1979
"R3",1995,10,16,1995
"R3",2001,11,6,2001
"R3",2006,12,1,2006
"R3",2011,10,26,2011
"R3",2016,10,3,2016
"R4",1919,12,5,1919
"R4",1920,10,28,1920
"R4",1921,10,25,1921
"R4",1922,11,6,1922
"R4",1923,11,1,1923
"R4",1924,12,4,1924
"R4",1925,11,2,1925
"R4",1926,9,24,1926
"R4",1927,8,28,1927
"R4",1928,11,7,1928
"R4",1929,10,10,1929
"R4",1930,9,12,1930
"R4",1931,10,6,1931
"R4",1932,11,4,1932
"R4",1933,10,26,1933
"R4",1934,9,27,1934
"R4",1935,6,4,1935
"R4",1935,10,18,1935
"R4",1936,10,13,1936
"R4",1937,10,27,1937
"R4",1938,9,26,1938
"R4",1939,12,8,1939
"R4",1941,3,28,1940
"R4",1942,1,22,1941
"R4",1943,1,29,1942
"R4",1943,11,5,1943
"R4",1944,9,13,1944
"R4",1945,9,19,1945
"R4",1947,1,30,1946
"R4",1948,1,9,1947
"R4",1949,8,25,1949
"R4",1950,8,23,1950
"R4",1951,8,29,1951
"R4",1952,9,17,1952
"R4",1954,11,20,1954
"R4",1955,9,9,1955
"R4",1956,8,15,1956
"R4",1957,8,7,1957
"R4",1958,9,26,1958
"R4",1960,8,24,1960
"R4",1961,9,11,1961
"R4",1962,8,23,1962
"R4",1965,8,27,1965
"R4",1968,8,21,1968
"R4",1969,9,23,1969
"R4",1970,8,13,1970
"R4",1971,8,17,1971
"R4",1972,8,18,1972
"R4",1974,6,24,1974
"R4",1975,8,4,1975
"R4",1976,7,30,1976
"R4",1978,8,9,1978
"R4",1980,1,2,1979
"R4",1995,10,16,1995
"R4",2001,11,6,2001
"R4",2006,12,1,2006
"R4",2011,10,26,2011
"R4",2016,10,4,2016
"S1",1995,10,20,1995
"S1",2001,10,24,2001
"S1",2006,10,30,2006
"S1",2012,3,16,2011
"S1",2016,10,18,2016
"S2",1995,10,20,1995
"S2",2001,10,24,2001
"S2",2006,10,30,2006
"S2",2012,3,16,2011
"S2",2016,10,18,2016
"S3",1995,10,23,1995
"S3",2001,10,23,2001
"S3",2006,11,3,2006
"S3",2011,9,27,2011
"S3",2016,11,9,2016
"S4",1995,10,23,1995
"S4",2001,10,23,2001
"S4",2006,11,2,2006
"S4",2011,9,27,2011
"S4",2016,11,9,2016
"S5",1995,10,23,1995
"S5",2001,10,22,2001
"S5",2006,11,2,2006
"S5",2011,9,27,2011
"S5",2016,11,9,2016
"S6",1995,10,23,1995
"S6",2001,10,22,2001
"S6",2006,11,2,2006
"S6",2011,9,27,2011
"S6",2016,11,9,2016
"T1",1926,10,15,1926
"T1",1927,9,3,1927
"T1",1928,8,10,1928
"T1",1929,8,27,1929
"T1",1930,9,2,1930
"T1",1931,9,12,1931
"T1",1932,11,16,1932
"T1",1933,11,23,1933
"T1",1934,11,12,1934
"T1",1935,11,13,1935
"T1",1936,10,27,1936
"T1",1938,2,8,1937
"T1",1940,2,9,1939
"T1",1941,3,3,1940
"T1",1943,4,7,1942
"T1",1968,8,19,1968
"T1",1969,9,16,1969
"T1",1970,8,24,1970
"T1",1972,8,14,1972
"T1",1976,8,4,1976
"T1",1977,7,21,1977
"T1",1978,8,11,1978
"T1",1980,1,9,1979
"T1",1995,10,13,1995
"T1",2001,11,1,2001
"T1",2006,11,16,2006
"T1",2012,1,5,2011
"T1",2016,12,8,2016
"T10",1927,9,3,1927
"T10",1928,8,13,1928
"T10",1929,8,28,1929
"T10",1930,9,2,1930
"T10",1931,9,11,1931
"T10",1932,11,16,1932
"T10",1933,11,22,1933
"T10",1934,11,13,1934
"T10",1935,8,13,1935
"T10",1935,11,14,1935
"T10",1936,10,28,1936
"T10",1938,2,8,1937
"T10",1938,9,22,1938
"T10",1940,2,20,1939
"T10",1941,3,31,1940
"T10",1943,4,6,1942
"T10",1944,2,23,1943
"T10",1968,8,19,1968
"T10",1969,8,26,1969
"T10",1970,8,28,1970
"T10",1971,8,16,1971
"T10",1972,8,15,1972
"T10",1974,6,20,1974
"T10",1975,8,5,1975
"T10",1976,7,29,1976
"T10",1977,8,8,1977
"T10",1995,10,23,1995
"T10",2001,10,10,2001
"T10",2006,11,14,2006
"T10",2011,11,15,2011
"T10",2016,11,29,2016
"T11",1927,9,3,1927
"T11",1928,8,13,1928
"T11",1929,8,27,1929
"T11",1930,9,2,1930
"T11",1931,9,11,1931
"T11",1932,11,16,1932
"T11",1933,11,22,1933
"T11",1934,11,13,1934
"T11",1935,8,14,1935
"T11",1935,11,14,1935
"T11",1936,10,28,1936
"T11",1938,2,8,1937
"T11",1938,9,22,1938
"T11",1940,2,20,1939
"T11",1941,3,31,1940
"T11",1943,4,6,1942
"T11",1944,2,23,1943
"T11",1968,8,19,1968
"T11",1969,8,26,1969
"T11",1970,8,25,1970
"T11",1972,8,15,1972
"T11",1995,10,23,1995
"T11",2001,10,10,2001
"T11",2006,11,14,2006
"T11",2011,11,15,2011
"T11",2016,11,29,2016
"T2",1926,10,15,1926
"T2",1927,9,3,1927
"T2",1928,8,10,1928
"T2",1929,8,27,1929
"T2",1930,9,2,1930
"T2",1931,9,12,1931
"T2",1932,11,16,1932
"T2",1933,11,23,1933
"T2",1934,11,12,1934
"T2",1935,7,30,1935
"T2",1935,11,13,1935
"T2",1936,10,27,1936
"T2",1938,2,8,1937
"T2",1938,9,21,1938
"T2",1940,2,9,1939
"T2",1941,3,3,1940
"T2",1943,4,7,1942
"T2",1971,8,13,1971
"T2",1973,8,2,1973
"T2",1974,6,20,1974
"T2",1975,8,5,1975
"T2",1976,8,4,1976
"T2",1977,7,21,1977
"T2",1978,8,11,1978
"T2",1980,1,9,1979
"T2",1995,10,13,1995
"T2",2001,11,1,2001
"T2",2006,11,16,2006
"T2",2012,1,5,2011
"T2",2016,12,8,2016
"T3",1926,10,15,1926
"T3",1927,9,3,1927
"T3",1928,8,10,1928
"T3",1929,8,27,1929
"T3",1930,9,2,1930
"T3",1931,9,12,1931
"T3",1932,11,16,1932
"T3",1933,11,23,1933
"T3",1934,11,12,1934
"T3",1935,11,13,1935
"T3",1936,10,27,1936
"T3",1938,2,8,1937
"T3",1938,9,21,1938
"T3",1940,2,9,1939
"T3",1941,3,3,1940
"T3",1943,4,7,1942
"T3",1972,8,14,1972
"T3",1973,8,2,1973
"T3",1974,6,20,1974
"T3",1975,8,5,1975
"T3",1976,8,4,1976
"T3",1977,7,21,1977
"T3",1978,8,11,1978
"T3",1980,1,9,1979
"T3",1995,10,13,1995
"T3",2001,11,1,2001
"T3",2006,11,16,2006
"T3",2012,1,5,2011
"T3",2016,12,8,2016
"T4",1926,10,16,1926
"T4",1927,9,3,1927
"T4",1928,8,10,1928
"T4",1929,8,27,1929
"T4",1931,9,12,1931
"T4",1932,11,16,1932
"T4",1933,11,23,1933
"T4",1934,11,12,1934
"T4",1935,8,9,1935
"T4",1935,11,13,1935
"T4",1936,10,28,1936
"T4",1938,2,8,1937
"T4",1938,9,22,1938
"T4",1940,2,9,1939
"T4",1941,3,3,1940
"T4",1943,4,7,1942
"T4",1968,8,19,1968
"T4",1970,8,24,1970
"T4",1971,8,14,1971
"T4",1972,8,14,1972
"T4",1973,8,2,1973
"T4",1975,8,5,1975
"T4",1976,8,4,1976
"T4",1977,7,27,1977
"T4",1978,8,11,1978
"T4",1980,1,10,1979
"T4",1995,10,3,1995
"T4",2001,11,1,2001
"T4",2006,11,16,2006
"T4",2012,1,5,2011
"T4",2016,12,8,2016
"T5",1926,10,16,1926
"T5",1927,9,3,1927
"T5",1928,8,13,1928
"T5",1929,8,27,1929
"T5",1930,9,2,1930
"T5",1931,9,12,1931
"T5",1932,11,16,1932
"T5",1933,11,23,1933
"T5",1934,11,13,1934
"T5",1935,8,9,1935
"T5",1935,11,13,1935
"T5",1936,10,28,1936
"T5",1938,2,8,1937
"T5",1938,9,22,1938
"T5",1940,2,9,1939
"T5",1941,3,14,1940
"T5",1943,4,7,1942
"T5",1968,8,19,1968
"T5",1969,9,16,1969
"T5",1970,8,24,1970
"T5",1971,8,14,1971
"T5",1972,8,14,1972
"T5",1973,8,2,1973
"T5",1974,6,20,1974
"T5",1975,8,5,1975
"T5",1976,8,4,1976
"T5",1977,7,27,1977
"T5",1978,8,14,1978
"T5",1980,1,10,1979
"T5",1995,10,13,1995
"T5",2001,11,1,2001
"T5",2006,11,16,2006
"T5",2012,1,5,2011
"T5",2016,11,29,2016
"T6",1926,10,16,1926
"T6",1927,9,3,1927
"T6",1928,8,13,1928
"T6",1929,8,27,1929
"T6",1930,9,2,1930
"T6",1931,9,12,1931
"T6",1932,11,16,1932
"T6",1933,11,22,1933
"T6",1934,11,13,1934
"T6",1935,8,13,1935
"T6",1935,11,13,1935
"T6",1936,10,28,1936
"T6",1938,2,8,1937
"T6",1938,9,22,1938
"T6",1940,2,20,1939
"T6",1941,3,14,1940
"T6",1943,4,7,1942
"T6",1968,8,19,1968
"T6",1969,9,16,1969
"T6",1970,8,24,1970
"T6",1971,8,14,1971
"T6",1972,8,14,1972
"T6",1973,8,2,1973
"T6",1974,6,20,1974
"T6",1975,8,5,1975
"T6",1976,8,4,1976
"T6",1977,7,27,1977
"T6",1978,8,14,1978
"T6",1980,1,10,1979
"T6",1995,10,13,1995
"T6",2001,11,1,2001
"T6",2006,11,16,2006
"T6",2012,1,5,2011
"T6",2016,11,29,2016
"T7",1927,9,2,1927
"T7",1928,8,14,1928
"T7",1929,8,28,1929
"T7",1930,9,9,1930
"T7",1931,9,11,1931
"T7",1932,11,16,1932
"T7",1933,11,22,1933
"T7",1934,11,2,1934
"T7",1935,7,27,1935
"T7",1935,11,14,1935
"T7",1936,10,28,1936
"T7",1938,2,7,1937
"T7",1938,9,22,1938
"T7",1940,3,25,1939
"T7",1941,3,31,1940
"T7",1941,5,7,1941
"T7",1943,4,6,1942
"T7",1944,2,23,1943
"T7",1957,8,5,1957
"T7",1968,8,19,1968
"T7",1969,8,26,1969
"T7",1970,8,24,1970
"T7",1971,8,16,1971
"T7",1972,8,15,1972
"T7",1973,8,17,1973
"T7",1974,6,19,1974
"T7",1975,8,4,1975
"T7",1976,7,28,1976
"T7",1977,8,5,1977
"T7",1995,10,17,1995
"T7",2001,10,11,2001
"T7",2006,12,7,2006
"T7",2011,11,1,2011
"T7",2016,12,1,2016
"T8",1927,9,2,1927
"T8",1928,8,14,1928
"T8",1929,8,28,1929
"T8",1930,9,9,1930
"T8",1931,9,11,1931
"T8",1932,11,15,1932
"T8",1933,11,22,1933
"T8",1934,11,2,1934
"T8",1935,8,13,1935
"T8",1935,11,14,1935
"T8",1936,10,28,1936
"T8",1938,2,7,1937
"T8",1938,9,22,1938
"T8",1940,3,25,1939
"T8",1941,5,7,1941
"T8",1943,4,6,1942
"T8",1944,2,23,1943
"T8",1957,8,5,1957
"T8",1968,8,19,1968
"T8",1969,8,26,1969
"T8",1970,8,24,1970
"T8",1971,8,16,1971
"T8",1972,8,15,1972
"T8",1973,8,17,1973
"T8",1974,6,19,1974
"T8",1976,7,30,1976
"T8",1977,8,5,1977
"T8",1995,10,17,1995
"T8",2001,10,12,2001
"T8",2006,12,7,2006
"T8",2011,11,17,2011
"T8",2016,12,1,2016
"T9",1927,9,2,1927
"T9",1928,8,14,1928
"T9",1929,8,28,1929
"T9",1930,9,9,1930
"T9",1931,9,11,1931
"T9",1932,11,15,1932
"T9",1933,11,22,1933
"T9",1934,11,2,1934
"T9",1935,8,13,1935
"T9",1935,11,14,1935
"T9",1936,10,28,1936
"T9",1938,2,7,1937
"T9",1938,9,22,1938
"T9",1940,3,25,1939
"T9",1941,4,17,1940
"T9",1943,4,6,1942
"T9",1944,2,23,1943
"T9",1968,8,19,1968
"T9",1969,8,26,1969
"T9",1970,8,19,1970
"T9",1971,8,16,1971
"T9",1972,8,15,1972
"T9",1973,9,21,1973
"T9",1975,8,4,1975
"T9",1976,7,30,1976
"T9",1977,8,5,1977
"T9",1995,10,17,1995
"T9",2001,10,11,2001
"T9",2006,11,27,2006
"T9",2011,11,17,2011
"T9",2016,11,29,2016
"U1",1927,8,26,1927
"U1",1928,10,1,1928
"U1",1929,10,9,1929
"U1",1930,9,4,1930
"U1",1931,10,1,1931
"U1",1932,10,17,1932
"U1",1933,10,25,1933
"U1",1934,9,26,1934
"U1",1935,5,25,1935
"U1",1935,10,17,1935
"U1",1936,10,15,1936
"U1",1937,10,21,1937
"U1",1938,10,5,1938
"U1",1939,10,4,1939
"U1",1941,1,20,1940
"U1",1942,1,16,1941
"U1",1942,10,29,1942
"U1",1943,11,5,1943
"U1",1944,9,14,1944
"U1",1945,9,20,1945
"U1",1947,1,30,1946
"U1",1948,1,21,1947
"U1",1949,3,15,1948
"U1",1949,8,24,1949
"U1",1950,8,22,1950
"U1",1951,8,29,1951
"U1",1952,9,17,1952
"U1",1953,9,23,1953
"U1",1954,11,30,1954
"U1",1955,9,20,1955
"U1",1956,8,13,1956
"U1",1957,8,8,1957
"U1",1958,9,26,1958
"U1",1959,8,18,1959
"U1",1960,8,23,1960
"U1",1961,9,11,1961
"U1",1962,10,24,1962
"U1",1965,9,15,1965
"U1",1966,9,27,1966
"U1",1967,10,3,1967
"U1",1968,8,9,1968
"U1",1971,8,11,1971
"U1",1972,8,18,1972
"U1",1974,6,13,1974
"U1",1975,8,6,1975
"U1",1976,7,30,1976
"U1",1977,7,7,1977
"U1",1978,8,10,1978
"U1",1980,1,3,1979
"U1",1995,10,10,1995
"U1",2001,11,8,2001
"U1",2006,11,21,2006
"U1",2011,9,28,2011
"U1",2016,11,2,2016
"U2",1927,8,26,1927
"U2",1928,10,1,1928
"U2",1929,10,9,1929
"U2",1930,9,4,1930
"U2",1931,10,1,1931
"U2",1932,10,17,1932
"U2",1933,10,25,1933
"U2",1934,9,26,1934
"U2",1935,5,25,1935
"U2",1935,10,17,1935
"U2",1936,10,15,1936
"U2",1937,10,21,1937
"U2",1938,10,5,1938
"U2",1939,10,4,1939
"U2",1941,1,20,1940
"U2",1942,1,16,1941
"U2",1942,10,29,1942
"U2",1943,11,5,1943
"U2",1944,9,14,1944
"U2",1945,9,20,1945
"U2",1947,1,30,1946
"U2",1948,1,21,1947
"U2",1949,3,15,1948
"U2",1949,8,24,1949
"U2",1950,8,22,1950
"U2",1951,8,29,1951
"U2",1952,9,17,1952
"U2",1953,9,23,1953
"U2",1954,11,30,1954
"U2",1955,9,20,1955
"U2",1956,8,13,1956
"U2",1957,8,8,1957
"U2",1958,9,26,1958
"U2",1959,8,18,1959
"U2",1960,8,22,1960
"U2",1961,9,11,1961
"U2",1962,10,24,1962
"U2",1965,9,16,1965
"U2",1966,9,27,1966
"U2",1967,10,3,1967
"U2",1968,8,9,1968
"U2",1969,11,4,1969
"U2",1971,8,17,1971
"U2",1972,8,18,1972
"U2",1974,6,17,1974
"U2",1976,7,30,1976
"U2",1977,7,7,1977
"U2",1978,8,10,1978
"U2",1980,1,3,1979
"U2",1995,10,10,1995
"U2",2001,11,8,2001
"U2",2006,11,21,2006
"U2",2011,9,28,2011
"U2",2016,11,2,2016
"U3",1927,8,26,1927
"U3",1928,10,1,1928
"U3",1929,10,9,1929
"U3",1930,9,4,1930
"U3",1931,10,1,1931
"U3",1932,10,17,1932
"U3",1933,10,25,1933
"U3",1934,9,26,1934
"U3",1935,5,25,1935
"U3",1935,10,17,1935
"U3",1936,10,15,1936
"U3",1937,10,21,1937
"U3",1938,10,5,1938
"U3",1939,10,4,1939
"U3",1941,1,21,1940
"U3",1942,1,16,1941
"U3",1942,10,29,1942
"U3",1943,11,5,1943
"U3",1944,9,14,1944
"U3",1945,9,20,1945
"U3",1947,1,30,1946
"U3",1948,1,21,1947
"U3",1949,3,15,1948
"U3",1949,8,29,1949
"U3",1950,8,22,1950
"U3",1951,8,30,1951
"U3",1952,9,17,1952
"U3",1953,9,23,1953
"U3",1954,11,30,1954
"U3",1955,9,20,1955
"U3",1956,8,13,1956
"U3",1957,8,8,1957
"U3",1958,9,26,1958
"U3",1959,8,18,1959
"U3",1960,8,22,1960
"U3",1961,9,11,1961
"U3",1962,10,24,1962
"U3",1965,9,16,1965
"U3",1966,9,27,1966
"U3",1967,10,3,1967
"U3",1968,8,9,1968
"U3",1971,8,17,1971
"U3",1972,8,18,1972
"U3",1974,6,17,1974
"U3",1975,8,6,1975
"U3",1976,7,30,1976
"U3",1977,7,13,1977
"U3",1978,8,10,1978
"U3",1980,1,3,1979
"U3",1995,10,10,1995
"U3",2001,11,8,2001
"U3",2006,11,21,2006
"U3",2011,9,28,2011
"U3",2016,11,2,2016
"U4",1927,8,26,1927
"U4",1928,10,1,1928
"U4",1929,10,9,1929
"U4",1930,9,4,1930
"U4",1931,10,1,1931
"U4",1932,10,17,1932
"U4",1933,10,25,1933
"U4",1934,9,26,1934
"U4",1935,5,28,1935
"U4",1935,10,17,1935
"U4",1936,10,15,1936
"U4",1937,10,21,1937
"U4",1938,10,6,1938
"U4",1939,10,4,1939
"U4",1941,1,21,1940
"U4",1942,1,16,1941
"U4",1942,10,29,1942
"U4",1943,11,5,1943
"U4",1944,9,14,1944
"U4",1945,9,20,1945
"U4",1947,1,30,1946
"U4",1948,1,21,1947
"U4",1949,3,15,1948
"U4",1949,8,29,1949
"U4",1950,8,22,1950
"U4",1951,8,30,1951
"U4",1952,9,17,1952
"U4",1953,9,23,1953
"U4",1954,11,30,1954
"U4",1955,9,20,1955
"U4",1956,8,13,1956
"U4",1957,8,8,1957
"U4",1958,9,26,1958
"U4",1959,8,18,1959
"U4",1960,8,22,1960
"U4",1961,9,11,1961
"U4",1962,10,24,1962
"U4",1966,9,21,1966
"U4",1968,8,9,1968
"U4",1969,11,4,1969
"U4",1971,8,16,1971
"U4",1972,8,18,1972
"U4",1974,6,17,1974
"U4",1975,8,6,1975
"U4",1995,10,10,1995
"U4",2001,11,15,2001
"U4",2006,11,21,2006
"U4",2011,9,28,2011
"U4",2016,11,2,2016
"U5",1927,8,26,1927
"U5",1928,10,1,1928
"U5",1929,10,9,1929
"U5",1930,9,4,1930
"U5",1931,10,1,1931
"U5",1932,10,17,1932
"U5",1933,10,25,1933
"U5",1934,9,26,1934
"U5",1935,5,28,1935
"U5",1935,10,22,1935
"U5",1936,10,15,1936
"U5",1937,10,21,1937
"U5",1938,10,6,1938
"U5",1939,10,4,1939
"U5",1941,1,21,1940
"U5",1942,1,16,1941
"U5",1942,10,29,1942
"U5",1943,11,5,1943
"U5",1944,9,14,1944
"U5",1945,9,20,1945
"U5",1947,1,30,1946
"U5",1948,1,21,1947
"U5",1949,3,15,1948
"U5",1949,8,29,1949
"U5",1950,8,22,1950
"U5",1951,8,30,1951
"U5",1952,9,17,1952
"U5",1956,8,13,1956
"U5",1957,8,8,1957
"U5",1958,9,26,1958
"U5",1959,8,18,1959
"U5",1960,8,22,1960
"U5",1961,9,11,1961
"U5",1962,10,24,1962
"U5",1965,9,16,1965
"U5",1966,9,27,1966
"U5",1968,8,9,1968
"U5",1969,11,25,1969
"U5",1972,8,18,1972
"U5",1974,6,17,1974
"U5",1975,8,6,1975
"U5",1976,7,30,1976
"U5",1977,7,13,1977
"U5",1978,8,10,1978
"U5",1980,1,3,1979
"U5",1995,10,10,1995
"U5",2001,11,15,2001
"U5",2006,11,21,2006
"U5",2011,9,28,2011
"U5",2016,11,2,2016
"V1",1927,9,15,1927
"V1",1928,10,3,1928
"V1",1929,9,27,1929
"V1",1930,9,3,1930
"V1",1931,9,25,1931
"V1",1932,11,3,1932
"V1",1933,10,30,1933
"V1",1934,10,3,1934
"V1",1935,6,4,1935
"V1",1935,10,31,1935
"V1",1936,10,16,1936
"V1",1937,11,24,1937
"V1",1938,9,26,1938
"V1",1939,10,5,1939
"V1",1941,3,27,1940
"V1",1942,1,28,1941
"V1",1942,10,30,1942
"V1",1943,10,30,1943
"V1",1944,9,12,1944
"V1",1945,9,26,1945
"V1",1947,2,12,1946
"V1",1948,4,14,1947
"V1",1949,9,8,1949
"V1",1950,11,7,1950
"V1",1952,9,25,1952
"V1",1956,8,16,1956
"V1",1957,8,21,1957
"V1",1960,8,25,1960
"V1",1968,8,15,1968
"V1",1975,8,11,1975
"V1",1976,8,6,1976
"V1",1995,10,19,1995
"V1",2001,11,14,2001
"V1",2006,12,13,2006
"V1",2012,1,3,2011
"V1",2016,12,6,2016
"V2",1927,9,15,1927
"V2",1928,10,3,1928
"V2",1929,9,27,1929
"V2",1930,9,3,1930
"V2",1931,9,25,1931
"V2",1932,11,3,1932
"V2",1933,10,31,1933
"V2",1934,10,3,1934
"V2",1935,6,4,1935
"V2",1935,10,31,1935
"V2",1936,10,16,1936
"V2",1937,11,24,1937
"V2",1938,9,26,1938
"V2",1939,10,5,1939
"V2",1941,3,27,1940
"V2",1942,1,28,1941
"V2",1942,10,30,1942
"V2",1943,10,30,1943
"V2",1944,9,12,1944
"V2",1945,9,26,1945
"V2",1947,2,12,1946
"V2",1948,4,14,1947
"V2",1949,9,8,1949
"V2",1950,11,7,1950
"V2",1952,9,24,1952
"V2",1956,8,16,1956
"V2",1957,8,21,1957
"V2",1960,8,25,1960
"V2",1968,8,15,1968
"V2",1975,8,11,1975
"V2",1976,8,6,1976
"V2",1977,8,18,1977
"V2",1995,10,19,1995
"V2",2001,10,23,2001
"V2",2006,12,7,2006
"V2",2012,1,3,2011
"V2",2016,12,6,2016
"V3",1927,9,15,1927
"V3",1928,10,3,1928
"V3",1929,9,27,1929
"V3",1930,9,3,1930
"V3",1931,9,25,1931
"V3",1932,11,3,1932
"V3",1933,10,31,1933
"V3",1934,10,4,1934
"V3",1935,6,4,1935
"V3",1935,10,31,1935
"V3",1936,10,16,1936
"V3",1937,11,26,1937
"V3",1938,9,26,1938
"V3",1939,10,5,1939
"V3",1941,3,27,1940
"V3",1942,1,29,1941
"V3",1942,10,30,1942
"V3",1943,10,30,1943
"V3",1944,9,12,1944
"V3",1945,9,26,1945
"V3",1947,2,12,1946
"V3",1948,4,14,1947
"V3",1949,9,9,1949
"V3",1950,11,7,1950
"V3",1952,9,25,1952
"V3",1956,8,16,1956
"V3",1957,8,21,1957
"V3",1960,8,25,1960
"V3",1968,8,15,1968
"V3",1974,6,28,1974
"V3",1975,8,11,1975
"V3",1976,8,6,1976
"V3",1977,8,18,1977
"V3",1995,10,19,1995
"V3",2001,11,14,2001
"V3",2006,12,7,2006
"V3",2012,1,3,2011
"V3",2016,12,6,2016
"V4",1927,8,29,1927
"V4",1928,10,3,1928
"V4",1929,9,27,1929
"V4",1930,9,3,1930
"V4",1931,9,25,1931
"V4",1932,11,3,1932
"V4",1933,10,31,1933
"V4",1934,10,3,1934
"V4",1935,6,5,1935
"V4",1935,10,31,1935
"V4",1936,10,16,1936
"V4",1937,11,26,1937
"V4",1938,9,26,1938
"V4",1939,10,5,1939
"V4",1941,3,27,1940
"V4",1942,1,28,1941
"V4",1942,10,30,1942
"V4",1943,10,30,1943
"V4",1944,9,12,1944
"V4",1945,9,26,1945
"V4",1947,2,12,1946
"V4",1948,4,14,1947
"V4",1949,9,9,1949
"V4",1950,11,7,1950
"V4",1952,9,25,1952
"V4",1956,8,16,1956
"V4",1957,8,21,1957
"V4",1960,8,26,1960
"V4",1968,8,15,1968
"V4",1975,8,11,1975
"V4",1976,8,6,1976
"V4",1995,10,19,1995
"V4",2001,11,14,2001
"V4",2006,12,7,2006
"V4",2012,1,3,2011
"V4",2016,12,6,2016
"V5",1927,8,29,1927
"V5",1928,10,3,1928
"V5",1929,9,27,1929
"V5",1930,9,3,1930
"V5",1931,9,25,1931
"V5",1932,11,3,1932
"V5",1933,10,31,1933
"V5",1934,10,4,1934
"V5",1935,6,5,1935
"V5",1935,10,31,1935
"V5",1936,10,16,1936
"V5",1937,11,26,1937
"V5",1938,9,26,1938
"V5",1939,10,5,1939
"V5",1941,3,27,1940
"V5",1942,1,28,1941
"V5",1942,10,30,1942
"V5",1943,10,30,1943
"V5",1944,9,12,1944
"V5",1945,9,26,1945
"V5",1947,2,12,1946
"V5",1948,4,14,1947
"V5",1949,9,9,1949
"V5",1950,11,7,1950
"V5",1952,9,25,1952
"V5",1956,8,16,1956
"V5",1960,8,26,1960
"V5",1968,8,15,1968
"V5",1972,10,2,1972
"V5",1975,8,11,1975
"V5",1976,8,5,1976
"V5",1977,8,18,1977
"V5",1995,10,19,1995
"V5",2001,10,23,2001
"V5",2006,12,7,2006
"V5",2012,1,3,2011
"V5",2016,12,6,2016
"V6",1927,8,29,1927
"V6",1928,10,3,1928
"V6",1929,9,27,1929
"V6",1930,9,3,1930
"V6",1931,9,25,1931
"V6",1932,11,3,1932
"V6",1933,10,31,1933
"V6",1934,10,3,1934
"V6",1935,6,5,1935
"V6",1935,10,31,1935
"V6",1936,10,16,1936
"V6",1937,11,26,1937
"V6",1938,9,26,1938
"V6",1939,10,5,1939
"V6",1941,3,27,1940
"V6",1942,1,28,1941
"V6",1942,10,30,1942
"V6",1943,10,30,1943
"V6",1944,9,12,1944
"V6",1945,9,26,1945
"V6",1947,2,12,1946
"V6",1948,4,14,1947
"V6",1949,9,9,1949
"V6",1950,11,7,1950
"V6",1952,9,25,1952
"V6",1956,8,16,1956
"V6",1960,8,26,1960
"V6",1968,8,15,1968
"V6",1975,8,11,1975
"V6",1976,8,6,1976
"V6",1977,8,18,1977
"V6",1995,10,19,1995
"V6",2001,10,23,2001
"V6",2006,12,7,2006
"V6",2012,1,3,2011
"V6",2016,12,6,2016
"Y1",1916,9,27,1916
"Y1",1918,9,25,1918
"Y1",1919,8,25,1919
"Y1",1921,2,25,1920
"Y1",1921,11,7,1921
"Y1",1923,5,12,1922
"Y1",1923,11,2,1923
"Y1",1924,11,4,1924
"Y1",1925,10,30,1925
"Y1",1926,9,28,1926
"Y1",1927,11,3,1927
"Y1",1928,9,26,1928
"Y1",1929,10,9,1929
"Y1",1930,9,20,1930
"Y1",1931,10,22,1931
"Y1",1932,11,4,1932
"Y1",1933,10,31,1933
"Y1",1934,10,9,1934
"Y1",1935,8,9,1935
"Y1",1935,10,30,1935
"Y1",1936,10,12,1936
"Y1",1937,11,26,1937
"Y1",1938,10,4,1938
"Y1",1940,1,5,1939
"Y1",1941,2,13,1940
"Y1",1943,4,9,1942
"Y1",1944,5,13,1943
"Y1",1945,3,13,1944
"Y1",1947,2,14,1946
"Y1",1947,9,30,1947
"Y1",1951,8,30,1951
"Y1",1956,8,21,1956
"Y1",1957,8,15,1957
"Y1",1968,8,12,1968
"Y1",1969,11,25,1969
"Y1",1970,8,6,1970
"Y1",1971,8,9,1971
"Y1",1972,8,17,1972
"Y1",1973,8,14,1973
"Y1",1974,6,12,1974
"Y1",1975,8,7,1975
"Y1",1976,8,2,1976
"Y1",1977,7,13,1977
"Y1",1978,9,17,1978
"Y1",1980,1,7,1979
"Y1",1995,10,20,1995
"Y1",2001,10,19,2001
"Y1",2006,11,30,2006
"Y1",2011,10,26,2011
"Y1",2016,9,20,2016
"Y2",1916,9,27,1916
"Y2",1917,10,13,1917
"Y2",1918,9,25,1918
"Y2",1919,8,25,1919
"Y2",1921,3,28,1920
"Y2",1921,11,7,1921
"Y2",1923,11,2,1923
"Y2",1924,11,4,1924
"Y2",1925,10,30,1925
"Y2",1926,9,28,1926
"Y2",1927,11,3,1927
"Y2",1928,9,26,1928
"Y2",1929,10,9,1929
"Y2",1930,9,20,1930
"Y2",1931,10,22,1931
"Y2",1932,11,4,1932
"Y2",1933,11,3,1933
"Y2",1934,10,9,1934
"Y2",1935,8,9,1935
"Y2",1935,10,30,1935
"Y2",1936,10,12,1936
"Y2",1937,11,26,1937
"Y2",1938,10,4,1938
"Y2",1940,1,5,1939
"Y2",1941,2,13,1940
"Y2",1943,4,9,1942
"Y2",1944,5,13,1943
"Y2",1945,3,13,1944
"Y2",1947,2,14,1946
"Y2",1947,9,30,1947
"Y2",1951,8,30,1951
"Y2",1956,8,16,1956
"Y2",1957,8,15,1957
"Y2",1968,8,12,1968
"Y2",1969,11,25,1969
"Y2",1970,8,6,1970
"Y2",1971,8,9,1971
"Y2",1972,8,17,1972
"Y2",1973,8,14,1973
"Y2",1974,6,12,1974
"Y2",1975,8,7,1975
"Y2",1976,8,2,1976
"Y2",1995,10,20,1995
"Y2",2001,10,19,2001
"Y2",2006,11,30,2006
"Y2",2011,10,26,2011
"Y2",2016,9,20,2016
"Y3",1919,5,2,1919
"Y3",1920,11,29,1920
"Y3",1921,11,21,1921
"Y3",1922,5,10,1922
"Y3",1923,5,3,1922
"Y3",1923,12,1,1923
"Y3",1924,11,10,1924
"Y3",1925,11,4,1925
"Y3",1926,9,24,1926
"Y3",1927,9,15,1927
"Y3",1928,10,4,1928
"Y3",1929,8,26,1929
"Y3",1930,9,19,1930
"Y3",1931,9,25,1931
"Y3",1932,11,10,1932
"Y3",1933,10,30,1933
"Y3",1934,10,3,1934
"Y3",1935,8,14,1935
"Y3",1935,10,31,1935
"Y3",1936,10,12,1936
"Y3",1937,11,19,1937
"Y3",1938,10,6,1938
"Y3",1940,2,26,1939
"Y3",1941,4,15,1940
"Y3",1943,4,6,1942
"Y3",1995,10,19,1995
"Y3",2001,11,14,2001
"Y3",2006,12,13,2006
"Y3",2012,1,27,2011
"Y3",2016,12,1,2016
"Y7",1919,5,22,1919
"Y7",1922,5,18,1921
"Y7",1924,4,25,1923
"Y7",1924,11,11,1924
"Y7",1925,11,4,1925
"Y7",1926,9,24,1926
"Y7",1927,9,22,1927
"Y7",1928,10,4,1928
"Y7",1929,8,26,1929
"Y7",1930,9,19,1930
"Y7",1931,9,25,1931
"Y7",1932,11,10,1932
"Y7",1934,1,15,1933
"Y7",1934,10,3,1934
"Y7",1935,8,14,1935
"Y7",1935,10,30,1935
"Y7",1936,10,12,1936
"Y7",1937,11,24,1937
"Y7",1938,10,6,1938
"Y7",1940,2,26,1939
"Y7",1941,4,17,1940
"Y7",1943,4,6,1942
"Y7",1995,10,19,1995
"Y7",2001,11,14,2001
"Y7",2006,12,13,2006
"Y7",2012,1,27,2011
"Y7",2016,12,1,2016
