"year","month","ppt_mm","tmean_c","spei1","pdsi","soi","pdo"
1915,1,12.45,2.39,0.554316232526551,3.69,-2.71,-0.41
1915,10,0,13.791,-0.673095314182201,4.36,0.95,-0.43
1915,11,0,9.023,-1.02594649352429,3.37,-1.74,-0.12
1915,12,0,3.7,-1.01381824994968,2.75,0.99,0.17
1915,2,28.45,5.66,1.6887130583995,3.97,-0.59,0.14
1915,3,24.13,7.467,1.90292789062705,5.13,-2.49,-1.22
1915,4,2.29,12.519,0.66451889207558,6.36,-1.49,1.4
1915,5,0,15.848,0.85436088695224,6.8,1.22,0.32
1915,6,0,21.745,0.425775202422162,6.02,2.68,0.99
1915,7,35.56,25.01,0.135480723690533,6.17,2.53,1.07
1915,8,48.51,22.855,0.660379954449185,5.43,1.3,0.27
1915,9,39.37,20.697,0.506849957158691,10.03,1.34,-0.05
1916,1,6.35,7.89,-1.67855726982969,2.22,0.56,-0.64
1916,10,66.79,15.457,1.63530714281315,1.39,0.36,-0.22
1916,11,11.94,7.379,0.535962691069815,1.29,0.77,-0.68
1916,12,4.83,3.466,-0.478079275701977,0.65,1.62,-1.94
1916,2,11.94,8.105,-0.0724646893907693,1.03,-0.52,-0.19
1916,3,20.06,11.801,0.440153751286147,0.59,-0.83,-0.11
1916,4,1.27,13.574,0.0575998444773491,0.47,0.01,0.35
1916,5,36.83,17.259,1.86474481238843,0.68,0.43,0.42
1916,6,0,24.412,-0.821645652510847,-1.03,0.75,-0.82
1916,7,22.86,24.01,0.022601170246032,-1.27,2.57,-0.78
1916,8,24.38,24.104,-0.411252471816126,-0.64,1.51,-0.73
1916,9,18.29,20.697,-0.276844407915423,7.29,0.42,-0.77
1917,1,11.95,4.39,0.137426988807615,0.27,0.46,-0.79
1917,10,2.79,15.3,-1.03213804286811,-2.86,1.51,-1.75
1917,11,4.06,9.223,-0.666705674683583,-3.18,1.93,-0.34
1917,12,0,5.922,-1.69719281145742,-3.74,2.4,-0.6
1917,2,0,5.605,-0.561366663540942,-0.56,0.98,-0.84
1917,3,0,7.301,0.449259521253379,-1.18,1.86,-0.71
1917,4,0.51,12.5,0.527945984123536,-1.58,2.58,-0.34
1917,5,9.9,14.9,1.54760236791382,-1.39,2.4,0.82
1917,6,1.27,20.912,0.767789499176557,-1.93,2.39,-0.03
1917,7,14.47,26.343,-1.08589404271349,-2.78,2.83,0.1
1917,8,38.6,24.077,0.0791202068657092,-2.03,3.48,-0.22
1917,9,6.35,20.9,-0.824736722965811,5.62,2.84,-0.4
1918,1,19.81,2.8,1.03336725416028,-3.14,1.46,-1.13
1918,10,24.38,16.313,-0.0545029381161082,-2.48,-0.62,0.61
1918,11,43.43,5.879,1.91840639303345,-1.28,0.02,0.34
1918,12,17.03,0.744,0.668608201684136,1.1,-1,0.86
1918,2,2.29,8.771,-1.5180466750495,-3.29,1.58,-0.66
1918,3,0,11.856,-1.61118333957114,-3.64,-0.39,-1.15
1918,4,0,13.692,-0.125925597805613,-3.71,2.07,-0.32
1918,5,1.27,18.1,-0.0935357355650727,-3.65,1.09,-0.33
1918,6,2.29,25.689,-1.40438787703813,-3.22,-0.78,0.07
1918,7,38.86,26.232,-0.136290757374382,-3.08,-1.38,0.98
1918,8,73.15,24.644,0.883126504485952,-2.54,-0.64,-0.31
1918,9,0,21.73,-1.3332139982941,4.76,-0.85,-0.59
1919,1,0,-0.666,-0.393229836462455,0.77,-1.62,-1.07
1919,10,16.26,14.693,0.00352926004193351,2.92,-1.25,-0.42
1919,11,18.29,8.7,0.647699380075965,3.13,-1.23,-0.8
1919,12,12.7,5.9,-0.318263826365137,2.38,-1.12,0.76
1919,2,0,3.494,0.0143826934299755,0.53,-1.19,1.31
1919,3,38.1,9.1,2.18702847751917,2.61,-1.57,-0.5
1919,4,21.08,13.452,1.56369157744364,3.72,-0.37,0.08
1919,5,7.11,18.982,-0.162647596447683,3.64,-0.96,0.17
1919,6,2.79,22.412,0.293529901221466,3.45,-1.46,-0.71
1919,7,79.5,24.565,1.30045825337713,3.37,-0.87,-0.47
1919,8,64.01,24.304,0.737801157279003,2.73,-0.9,0.38
1919,9,64.77,19.919,1.37220502737139,8.63,-0.59,0.06
1920,1,17.53,5.1,0.475377604883265,2.61,0.18,-1.18
1920,10,54.87,13.957,1.55224206852231,1.35,-0.69,-1.06
1920,11,5.08,7.823,-0.0924169557675823,0.51,-0.19,-0.26
1920,12,0,2.244,-0.722443857768729,-0.57,0.99,0.29
1920,2,10.67,8.8,-0.491281602711751,2.38,-0.29,0.06
1920,3,8.89,8.8,0.683107566677904,2.1,-0.63,-0.78
1920,4,0.76,12.2,0.682382471048705,1.58,-0.1,-1.29
1920,5,24.64,19.537,0.698781665899146,1.14,-0.4,-0.97
1920,6,38.87,22.467,1.52742954043242,2.13,0.4,-1.3
1920,7,38.11,25.677,0.0158113788130757,1.52,0.92,-0.9
1920,8,83.3,23.3,1.31834797246888,1.82,0.44,-2.21
1920,9,22.61,19,0.333823581487536,7.74,0.47,-1.28
1921,1,4.32,5.77,-1.10250958411459,-1.47,1.09,-0.66
1921,10,4.06,14.457,-0.642006237174728,-1.72,0.97,-0.23
1921,11,4.32,9.423,-0.718330812882039,-1.83,0.76,1.92
1921,12,5.34,6.422,-1.2140421578115,-2.15,0.81,1.42
1921,2,3.81,6.049,-0.26175769057127,-1.8,0.58,-0.61
1921,3,6.35,11.467,-0.743102633948449,-2.21,1.07,-0.01
1921,4,3.05,12.574,0.700615840335409,-2.34,-1.28,-0.93
1921,5,0,18.371,-0.345437320336391,-2.3,-0.01,-0.42
1921,6,25.4,23.978,0.685618796337581,-1.82,4.07,0.4
1921,7,38.1,24.932,0.237155937937188,-0.88,0.29,-0.58
1921,8,32.01,24.522,-0.270192417939633,-0.98,-0.88,-0.69
1921,9,18.54,21.919,-0.625981407746572,7.05,0.46,-0.78
1922,1,7.62,3.19,-0.0222505424102017,-2.02,0.78,1.05
1922,10,53.59,14.346,1.47140934879643,-3.69,0.55,0.84
1922,11,10.92,5.879,0.754481203744984,-3.19,0.76,-0.6
1922,12,5.08,4.911,-0.781971181335945,-3.52,1.21,0.48
1922,2,0,9.049,-1.94467212748834,-2.42,0.77,-0.85
1922,3,1.52,8.69,0.0741959678813995,-2.55,0.48,0.08
1922,4,7.62,13.074,0.836242947515827,-2.35,-0.69,0.43
1922,5,0,19.593,-1.12031242711704,-2.49,-0.76,-0.19
1922,6,2.79,25.356,-1.17897085811536,-2.63,0.45,-1.04
1922,7,6.35,26.843,-1.60897311063864,-3.26,0.23,-0.82
1922,8,45.73,26.744,-0.49243905824845,-3.63,-0.28,-0.93
1922,9,28.7,20.93,0.0650459719656766,4.4,0.46,-0.81
1923,1,9.65,4.056,-0.00917314142676507,-3.64,0.56,0.75
1923,10,5.34,14.291,-0.504934623669039,-0.99,-0.72,1.1
1923,11,14.47,8.323,0.491001811555902,0.59,-1.41,0.62
1923,12,37.85,3.1,1.35466370818271,1.93,0.13,-0.36
1923,2,29.46,5.549,1.74817880982557,-2.26,0.34,-0.04
1923,3,19.8,8.1,1.57967129418054,-1.19,0.84,0.49
1923,4,7.37,13.352,0.694270998166673,-0.29,0.81,0.99
1923,5,0,17.248,0.262911632096331,-0.84,-0.01,-0.2
1923,6,16.51,24.178,0.210943319042776,-1.8,-0.17,0.68
1923,7,17.27,26.621,-1.08100277530729,-2.25,-1.11,1.16
1923,8,38.88,24.633,-0.0694115382334678,-0.69,-2.14,0.84
1923,9,44.19,19.53,0.911054477048051,6.32,-1.46,-0.24
1924,1,4.06,2.001,-0.16760932115295,1.56,-0.68,1.29
1924,10,7.62,15.735,-0.87396745207756,-2.44,0.63,-1.25
1924,11,3.81,9.712,-0.891904629691126,-2.81,1.02,0.24
1924,12,10.67,3.3,0.0347504567467409,-2.84,0.48,0.11
1924,2,2.79,5.716,-0.271473943567495,1.25,0.01,0.73
1924,3,12.95,7.69,1.28729290897389,1.57,0.11,1.13
1924,4,3.8,12.741,0.686268962445963,1.68,-1.95,-0.02
1924,5,4.83,18.9,-0.287089334109066,1.4,1.19,0.36
1924,6,2.79,25.356,-1.17897085811536,0.28,0.84,0.75
1924,7,84.83,26.065,1.13556652747436,1.35,0.78,-0.55
1924,8,8.13,26.022,-1.69388080740324,-0.88,0.88,-0.67
1924,9,5.33,21.753,-1.12147246766144,5.56,0.74,-0.48
1925,1,0.76,1.334,-0.422226200027851,-2.88,0.54,-0.05
1925,10,38.1,15.902,0.709502142102578,-1.57,-1.5,0.04
1925,11,0,7.323,-0.404866893077222,-1.89,-0.97,0.88
1925,12,7.87,2.3,-0.037109271090462,-1.82,-0.89,1.19
1925,2,7.11,7.827,-0.516590133396463,-3.26,1.22,-0.14
1925,3,1.27,11.634,-1.363672672574,-3.73,1.52,0.2
1925,4,0.51,15.852,-1.34111831360603,-3.9,1.48,0.86
1925,5,22.1,20.371,0.122085991147242,-3.4,-0.3,0.79
1925,6,2.8,22.967,0.0581679302343517,-3.32,-0.82,-1.08
1925,7,42.67,24.454,0.498658321747823,-2.74,-1.31,-0.06
1925,8,30.24,22.244,0.298650415883466,-1.95,-1.24,-0.86
1925,9,22.61,21.53,-0.343722395055024,5.88,-0.66,0.52
1926,1,12.44,0.668,0.729233111223224,-1.23,-0.62,0.3
1926,10,66.8,15.735,1.60046006393348,3.47,0.24,1.65
1926,11,1.02,8.823,-0.832004452366537,2.64,0.07,1
1926,12,41.15,4.55,1.35708077525752,3.27,0.59,1.06
1926,2,1.27,6.882,-0.85751207896233,-1.46,-1.56,0.98
1926,3,35.56,8.912,2.12365829670193,1.39,-1.65,-0.5
1926,4,12.19,13.796,0.866141694959221,2.49,-0.75,2.1
1926,5,61.72,17.871,2.33707268044663,3.32,-0.28,1.43
1926,6,1.52,23.606,-0.31155552734889,2.48,-1.05,2.03
1926,7,125.72,24.649,1.94939790327938,3.25,-0.09,1.05
1926,8,9.65,24.299,-1.02601138566015,2.1,-0.92,1.64
1926,9,81.29,22.753,1.27896199308865,9.44,0.12,1.18
1927,1,0.51,6.001,-1.64930799004783,2.45,0.51,1.07
1927,10,0.25,14.235,-0.810575461931112,-0.9,-0.55,-0.62
1927,11,0,10.712,-1.83809726370729,-1.69,-0.91,-0.07
1927,12,13.47,2.911,0.283208689284407,-1.37,0.75,0.07
1927,2,6.35,8.91,-1.06648883799404,1.76,0.01,1.73
1927,3,11.94,9.079,0.826521123692439,1.48,1.84,0.15
1927,4,0,14.657,-0.681251807228083,0.55,0.75,-0.18
1927,5,0,21,-2.10535799856647,-1.07,0.62,0.3
1927,6,2.03,23.134,-0.0576572950436871,-1.36,0.91,0.69
1927,7,37.84,26.593,-0.293028902905231,-1.37,0.17,-0.31
1927,8,58.95,24.411,0.585877837341925,-1.03,-0.75,-0.73
1927,9,64.01,21.419,1.09057582221237,8.34,-0.07,-0.41
1928,1,0,5.251,-1.44902543310427,-1.69,-1.22,0.96
1928,10,63.24,16.069,1.47130253624175,0.71,0.77,-1.31
1928,11,26.68,7.733,1.23340859809986,1.17,0.21,0.14
1928,12,2.54,3.294,-0.661858492042855,0.51,1.2,0.98
1928,2,20.83,5.632,1.29217982871136,-0.47,0.95,0.79
1928,3,0,10.634,-0.9823449825652,-0.73,1.38,0.52
1928,4,2.28,12.435,0.700594408181577,-0.89,1.44,0.81
1928,5,33.28,18.898,1.33913208012162,1.02,-0.09,0.66
1928,6,0,23.134,-0.166783906232661,-0.31,-1.15,0.15
1928,7,32.25,25.732,-0.200170759055868,-1.17,-0.02,0.3
1928,8,66.54,23.799,0.899667180725263,0.4,0.8,-0.72
1928,9,0.76,20.336,-0.890758496466047,6.6,0.74,-1.41
1929,1,0,2.952,-0.802050650066265,-0.69,1.74,0.97
1929,10,28.71,15.089,0.50814600694232,1.21,0.8,-0.21
1929,11,18.29,5.849,1.12760019372125,1.38,0.95,1.24
1929,12,2.54,3.878,-0.786934202653923,0.82,0.53,-0.03
1929,2,3.81,5.246,-0.0188440796122857,-0.99,1.69,0.52
1929,3,13.71,9.796,0.716273990592393,-0.96,0.41,0.5
1929,4,0,15.326,-1.07781130966939,-1.4,0.58,0.55
1929,5,55.63,18.2,2.15758167120146,0.39,-1.2,1.07
1929,6,0.76,24.343,-0.738240408293957,-0.94,0.06,0.5
1929,7,49.52,26.077,0.256602360278367,0.89,0.21,-0.06
1929,8,69.34,24.014,0.920832647618694,1.5,-0.17,-0.69
1929,9,38.11,22.004,0.126089258449177,7.98,-0.07,0.45
1930,1,5.84,3.313,-0.232065844444996,0.09,1.31,0.97
1930,10,6.85,15.766,-0.936950838643267,-2.22,0.46,-0.38
1930,11,18.29,7.538,0.875606255227565,-1.58,0.3,-0.31
1930,12,18.55,2.905,0.586936859221719,-1.36,-0.27,1.2
1930,2,1.77,7.552,-1.05870872262755,-1.09,0.68,-1.06
1930,3,2.8,8.213,0.376936814177955,-1.27,0.04,-0.43
1930,4,0.76,15.937,-1.36812577163743,-1.5,-0.33,-0.7
1930,5,1.27,17.006,0.457789005238992,-1.55,0.47,0.06
1930,6,12.46,24.765,-0.278840326695766,-1.68,-0.84,0.58
1930,7,37.08,25.977,-0.113934182261501,-1.23,-0.4,-0.45
1930,8,39.14,24.87,-0.130526691850166,-1.2,-0.39,-0.53
1930,9,0.76,21.304,-1.17530496103189,5.97,-0.72,-0.2
1931,1,21.08,3.507,1.02316116679869,-0.34,0.63,0.08
1931,10,16,16.377,-0.572683985872094,2.99,-1,-0.17
1931,11,28.19,8.427,1.19643041057872,3.05,-0.37,0.34
1931,12,20.07,3.572,0.59645775428276,3.32,0.81,1.09
1931,2,39.87,7.079,1.98983095114994,2.24,-1.61,1.56
1931,3,0,8.685,-0.0717715215064143,2.43,0.44,1.13
1931,4,51.32,13.937,2.66742493073994,4.25,1.1,1.28
1931,5,11.17,18.7,0.277750079980311,4.35,1.66,1.66
1931,6,4.83,24.071,-0.357341123072376,3.77,2.23,0.39
1931,7,26.66,26.255,-0.582663987789285,3.34,0.98,1.49
1931,8,40.88,23.414,0.322839771738156,4.24,-0.5,0.02
1931,9,50.8,23.082,0.296204353423529,9.59,0.35,-0.01
1932,1,23.37,1.924,1.32865394219518,3.18,0.21,-0.26
1932,10,29.21,12.989,0.967641247019869,2.07,-0.69,-0.29
1932,11,0,5.899,-0.00938053917148602,1.22,-0.61,-0.88
1932,12,35.8,1.822,1.35879204199837,1.71,0.25,0.02
1932,2,11.68,7.857,-0.0106841457598832,3.19,-0.36,-0.58
1932,3,8.13,7.046,1.13975874298633,3.28,-0.72,0.51
1932,4,2.79,11.965,0.933412444560864,2.76,-2.76,1.15
1932,5,3.05,16.284,0.852968545238562,2.62,0.09,0.64
1932,6,6.6,20.765,1.00485643693505,2.02,-0.26,0.1
1932,7,25.16,24.393,-0.0168967890755616,1.95,-1.52,-0.12
1932,8,114.57,23.703,1.74239268204372,1.74,-0.9,-0.14
1932,9,63.49,19.415,1.42196552119049,8.53,-0.86,-0.4
1933,1,4.82,2.646,-0.20208504540543,1.52,-1.22,0.29
1933,10,8.9,16.322,-1.01521251990883,-0.89,0.17,-1.19
1933,11,7.1,8.649,-0.169424453397968,-1.24,0.53,0.55
1933,12,0,5.211,-1.44177960846754,-2.13,0.81,-1.1
1933,2,6.61,4.052,0.54112280048193,1.76,0.34,0.02
1933,3,0.76,10.546,-0.858183524534423,1.57,-0.35,0.15
1933,4,1.53,11.381,1.06386260456893,1.34,0.47,-0.05
1933,5,0.51,16.562,0.604822578041239,0.91,0.74,-0.5
1933,6,72.12,23.349,2.04941143866189,2.6,-0.68,-0.68
1933,7,37.61,26.366,-0.22407386188649,1.95,0.38,-1.81
1933,8,52.33,24.87,0.288171451754343,1.26,-0.23,-1.56
1933,9,25.91,23.304,-0.749202525705402,7.51,0.17,-2.28
1934,1,0,2.257,-0.657436071908573,-2.41,0.62,0.17
1934,10,23.62,16.433,-0.136271930364371,-4.05,0.38,2.1
1934,11,6.35,8.899,-0.32142528010683,-3.8,1.21,1.63
1934,12,4.06,5.572,-1.07946118985755,-3.88,-0.38,1.67
1934,2,4.06,7.579,-0.786051754665474,-2.75,-0.06,0.68
1934,3,13.21,11.213,0.0827397780864558,-2.61,-0.12,1.34
1934,4,1.52,16.159,-1.42921322937695,-2.76,0.64,1.63
1934,5,31.49,21.478,0.140371760159167,-2.86,-0.76,1.23
1934,6,3.05,23.932,-0.388287831412001,-3.09,1.12,0.51
1934,7,22.1,27.032,-1.04768193829087,-3.7,0.3,0.44
1934,8,20.31,26.231,-1.28208422320976,-3.72,-2.44,1.54
1934,9,1.78,21.637,-1.23259553540877,4.47,-0.64,1.25
1935,1,9.65,5.757,-0.481097157164976,-3.73,0.64,1.01
1935,10,0,16.1,-1.5464499174289,-2.03,0.6,0.21
1935,11,24.13,7.371,1.17752314768898,-1.4,0.3,0.13
1935,12,18.03,3.989,0.42766969617231,-1.22,-0.56,1.78
1935,2,4.56,5.802,-0.100494699711569,-3.32,-0.56,0.79
1935,3,2.03,10.602,-0.75267032818304,-3.54,1.21,-0.11
1935,4,2.03,14.492,-0.387143856768732,-3.56,0.37,1.1
1935,5,17.53,16.812,1.33569463969771,-2.74,-0.46,0.99
1935,6,28.44,23.988,0.800947884932328,-2.67,-0.42,1.39
1935,7,23.37,27.032,-0.997656385911243,-3.48,-0.02,0.68
1935,8,100.07,24.786,1.38575791242174,-2.08,0,0.63
1935,9,49.02,19.776,0.999535464247948,6.99,0.59,0.98
1936,1,31.25,3.924,1.53007931560539,0.61,-0.3,1.79
1936,10,10.15,14.944,-0.428949037165922,-0.49,-0.11,2.1
1936,11,21.59,7.119,1.1024099640493,0.96,-1.55,2.65
1936,12,14.22,3.983,0.183227262048408,0.62,-0.04,1.28
1936,2,4.31,6.968,-0.521564327472869,0.7,-0.04,1.75
1936,3,0,9.824,-0.584430593368223,0.62,0.05,1.36
1936,4,1.27,14.381,-0.395963261619346,0.33,2.81,1.32
1936,5,7.12,19.784,-0.656261534058246,0.55,0.27,1.83
1936,6,11.17,25.044,-0.497244136412527,-0.02,-0.37,2.37
1936,7,41.15,26.597,-0.178266539927395,-0.8,0.43,2.57
1936,8,29.46,26.305,-0.951594257606029,-1.58,-1,1.71
1936,9,73.4,21.731,1.27116397679363,7.12,0.23,0.04
1937,1,0,1.1,-0.476374360935467,0.03,0.95,0
1937,10,23.37,15.388,0.174036975743217,-0.58,-0.39,0.76
1937,11,0.76,7.953,-0.537919453600715,-1.23,-0.46,-0.18
1937,12,9.9,4.039,-0.149149203639451,-1.14,0.64,0.55
1937,2,21.09,5.752,1.28797046239741,0.92,-0.59,-0.49
1937,3,12.45,8.209,1.12298627283431,1.83,0.55,0.38
1937,4,0,13.465,-0.00171048096499904,1.67,0.18,0.2
1937,5,21.6,18.569,0.935762020165024,2.08,0.19,0.53
1937,6,18.04,23.794,0.442395788136769,2.04,0.22,1.75
1937,7,8.64,27.181,-1.65035824185865,0.5,-0.53,0.11
1937,8,22.61,27.277,-1.57464390138534,-1.38,0.2,-0.35
1937,9,79.51,23.008,1.18750490038627,6.84,0.04,0.63
1938,1,13.45,3.85,0.391602643797276,-0.63,0.75,0.5
1938,10,5.34,15.832,-1.06417186241515,1.16,1.37,0.07
1938,11,5.33,5.675,0.442914947742303,0.57,-0.07,0.48
1938,12,28.7,3.928,0.96856650928834,0.73,1.42,1.4
1938,2,14.47,7.696,0.327178830753097,-0.76,0.21,0.02
1938,3,4.32,10.32,-0.374623366403442,-0.83,-0.55,0.24
1938,4,0,13.632,-0.0927871290732187,-1.19,0.39,0.27
1938,5,1.27,18.375,-0.250149199682316,-1.59,1.18,-0.25
1938,6,22.35,25.044,0.112735189073812,-0.22,2.01,-0.2
1938,7,147.33,25.236,2.12202737113833,2.1,1.87,-0.21
1938,8,1.52,24.944,-1.57081716113182,0,1.24,-0.45
1938,9,80.26,21.397,1.48408968729066,8.86,0.69,-0.01
1939,1,36.07,3.489,1.77821823420487,1.21,1.74,1.36
1939,10,14.74,13.944,0.137588585320862,-0.8,-1.71,-1.31
1939,11,9.14,7.675,0.273880499837837,-0.09,-0.96,-0.88
1939,12,28.96,4.928,0.875546050749056,-0.62,-1.07,1.51
1939,2,0.51,1.918,0.34769021165908,1.22,0.66,0.07
1939,3,6.35,9.709,0.108030169569186,1.62,1.14,-0.39
1939,4,2.03,14.243,-0.242933952577802,1.44,1.13,0.45
1939,5,0.51,19.069,-0.735116686580725,0.71,-0.1,0.98
1939,6,5.84,24.572,-0.558572763986348,-0.46,-0.37,1.04
1939,7,27.43,26.847,-0.769959418532886,-0.89,0.84,-0.21
1939,8,24.38,25.86,-0.991729937438387,-1.59,-0.11,-0.74
1939,9,53.84,22.869,0.458869080693451,6.39,-0.95,-1.1
1940,1,13.72,2.183,0.682292110358228,-0.56,-0.06,2.03
1940,10,35.56,15.479,0.704474333444109,-1.31,-1.8,1.19
1940,11,17.27,7.229,0.875387530577754,-0.13,-0.77,0.68
1940,12,6.09,6.032,-0.999736923040016,-0.65,-3.38,1.96
1940,2,26.16,5.918,1.54269360984016,0.23,-0.56,1.74
1940,3,1.52,10.376,-0.693578147659554,-0.19,-1.34,1.89
1940,4,7.62,13.644,0.578178523812385,-0.18,-0.94,2.37
1940,5,29.72,19.236,1.07590777301448,0.47,-1.39,2.32
1940,6,34.8,23.265,1.23010029048771,1.23,-2.49,2.43
1940,7,37.84,25.878,-0.0564134952836643,0.31,-1.5,2.12
1940,8,18.53,24.609,-0.789632408831514,-1.09,-2.11,1.4
1940,9,59.43,21.973,0.849100249481651,6.62,-1.95,1.1
1941,1,42.66,3.796,1.99297125746986,1.32,-1.13,2.14
1941,10,48.76,15.313,1.19495147404393,7.87,-2.29,1.22
1941,11,12.71,8.896,0.219490614430315,7.07,-1.09,0.4
1941,12,22.61,4.837,0.572950421873127,6.42,-1.07,0.91
1941,2,21.33,7.667,0.917156261330175,1.67,-1.6,2.07
1941,3,26.67,8.972,1.73853173515627,2.93,-1.33,2.41
1941,4,30.23,11.31,2.46085816833451,4.47,-1.19,1.89
1941,5,19.05,18.681,0.759131098128987,5.52,-0.75,2.25
1941,6,15.5,21.543,1.0871736277093,5.44,-1.89,3.01
1941,7,48.51,25.184,0.472977448434477,4.88,-2,2.33
1941,8,53.6,23.998,0.53908189122189,5.08,-2.2,3.31
1941,9,114.06,21.667,2.06512549987035,13.12,-0.83,1.99
1942,1,7.11,4.324,-0.341000253140341,5.58,-1.51,1.01
1942,10,17.77,15.257,-0.0856520657150561,2.81,0.7,0.54
1942,11,0,10.507,-1.7263044841981,1.81,-0.64,-0.1
1942,12,26.16,6.643,0.485810283516794,1.95,1.42,-1
1942,2,11.18,5,0.735240813418068,5.11,-0.51,0.79
1942,3,0,7.583,0.352884776567053,4.45,-0.8,0.29
1942,4,23.12,13.977,1.50653521177213,4.75,-0.52,0.79
1942,5,0,17.736,0.0131108772519309,3.99,0.25,0.84
1942,6,0,23.848,-0.521457738103701,3.11,0.8,1.19
1942,7,39.88,26.184,-0.0859348684748011,2.23,-0.08,0.12
1942,8,52.83,24.665,0.355688148702011,2.84,0.3,0.44
1942,9,33.53,20.945,0.240503377516727,9.06,0.82,0.68
1943,1,5.85,6.018,-1.00663899788215,1.62,0.88,-0.18
1943,10,2.8,14.59,-0.769908862632742,-2.03,0.79,-0.04
1943,11,32.01,7.118,1.50255861379063,-1.62,0.22,0.29
1943,12,31.5,3.698,1.09919510325525,-0.76,-1.06,0.58
1943,2,0,8.334,-1.61593938974138,0.56,0.91,0.02
1943,3,2.28,9.917,-0.391878649084899,-0.55,0.29,0.26
1943,4,0,16.005,-1.47781199161943,-1.66,1.59,1.08
1943,5,2.78,20.069,-1.20661204101301,-1.86,0.25,0.43
1943,6,39.62,24.571,1.01473344670555,-0.41,-1.13,0.68
1943,7,59.44,25.962,0.571136850763364,-0.57,0.3,-0.36
1943,8,14.22,26.942,-1.78921485564451,-1.64,0.69,-0.9
1943,9,29.72,21.667,-0.100560992245214,7.27,0.53,-0.49
1944,1,13.46,1.99,0.685835437892451,-0.24,-0.95,0.18
1944,10,28.19,15.84,0.286235944226533,1.17,-1.03,-0.4
1944,11,35.56,7.924,1.53088748919891,1.72,-0.84,0.33
1944,12,14.98,3.365,0.32269773297515,1.5,0.36,0.2
1944,2,18.28,6.112,1.04146183885201,0.81,0.3,0.17
1944,3,2.54,8.528,0.234775785305111,1.25,0.46,0.08
1944,4,0.51,12.227,0.650672999733838,0.94,-0.54,0.72
1944,5,5.32,17.431,0.514302210532204,0.82,0.02,-0.35
1944,6,1.52,22.793,0.0696856107382996,0.3,-0.61,-0.98
1944,7,58.41,25.739,0.600008341315167,0.24,-0.85,-0.4
1944,8,28.44,25.22,-0.620578302391231,0.58,0.13,-0.51
1944,9,33.02,20.834,0.250753224945342,7.52,0.22,-0.56
1945,1,11.18,4.213,0.104699994089944,1.33,0.43,-1.02
1945,10,42.93,15.507,0.972616813216681,-1.37,0.21,0.1
1945,11,0,8.063,-0.65396358277358,-1.79,-0.45,-1.94
1945,12,3.81,2.726,-0.438577704392287,-2.09,0.63,-0.74
1945,2,1.52,7.112,-0.914913760176673,0.68,0.53,0.72
1945,3,6.6,8.75,0.5117677453897,0.46,1.33,-0.42
1945,4,0,12.671,0.404265086747536,-0.29,-0.73,-0.4
1945,5,0,18.653,-0.515601865823192,-1.19,0.02,-0.07
1945,6,0,22.265,0.219686471247391,-1.72,0.8,0.56
1945,7,28.7,25.962,-0.404168844021592,-1.93,0.39,1.02
1945,8,23.88,25.998,-1.05941643974601,-1.84,1.06,0.18
1945,9,2.54,22.167,-1.36058952876677,5.15,0.8,-0.27
1946,1,27.43,2.574,1.48031762095034,-1.05,-0.32,-0.91
1946,10,21.85,15.59,0.0346024232170933,-1.86,-1.38,-0.36
1946,11,11.94,7.229,0.567349680374946,-1.81,-0.25,-1.48
1946,12,9.14,5.587,-0.560850974547721,-1.72,-0.71,-0.96
1946,2,0,5.028,-0.381770126247959,-1.23,0.29,-0.32
1946,3,0.51,9.694,-0.469733407242727,-1.35,-0.38,-0.41
1946,4,0,15.977,-1.46144688103263,-1.64,-1.03,-0.78
1946,5,6.35,17.958,0.332554652274073,-1.46,-1.19,0.5
1946,6,3.55,25.154,-1.01640078957709,-1.74,-1.32,-0.86
1946,7,52.84,25.906,0.402867385011206,-1.99,-0.99,-0.84
1946,8,75.94,25.609,0.747318572649425,-2.03,-0.64,-0.36
1946,9,63.5,22.862,0.772758991816458,6.09,-1.58,-0.22
1947,1,18.79,2.157,1.0402532456402,-0.86,-0.63,-0.73
1947,10,4.06,16.146,-1.27718010284104,-3.34,-0.35,0.85
1947,11,20.32,6.618,1.11617990134571,-2.78,0.75,-0.14
1947,12,13.97,2.365,0.377020577678301,-2.59,0.47,1.67
1947,2,1.27,6.056,-0.560049608864182,-1.14,-0.56,-0.29
1947,3,9.15,9.667,0.383192080595562,-1.04,1.13,1.17
1947,4,0,13.477,-0.00819576094200229,-1.36,-0.56,0.7
1947,5,8.38,19.986,-0.685202189767118,-1.44,-1.24,0.37
1947,6,12.95,23.46,0.344413218885246,-1.21,0.16,1.36
1947,7,22.09,26.628,-0.894419273953059,-2.29,0.98,0.16
1947,8,68.33,25.137,0.662980887402026,-2.02,0.66,0.3
1947,9,0,21.862,-1.37262058028964,4.73,1.1,0.58
1948,1,10.67,2.324,0.414241268690397,-2.3,-0.43,-0.11
1948,10,21.33,15.646,-0.0107302077936205,-2.57,0.54,-1.32
1948,11,0,5.229,0.142273515790294,-2.68,0.19,-0.89
1948,12,38.1,5.698,1.15739472420887,-1.97,-0.72,-1.7
1948,2,39.12,6.056,2.07363006055673,-0.61,-0.41,-0.74
1948,3,2.29,7.417,0.605149864356281,0.32,-0.6,-0.03
1948,4,3.05,15.199,-0.70851505740028,0.17,0.26,-1.33
1948,5,4.58,19.458,-0.652389277669494,-0.28,0.35,-0.23
1948,6,13.47,25.293,-0.495953384299589,0.36,-0.76,0.08
1948,7,14.48,26.739,-1.23760966203704,-1.07,0.1,-0.92
1948,8,4.06,25.998,-1.85165280649749,-2.05,-0.55,-1.56
1948,9,11.18,22.278,-1.03959357095131,4.66,-0.76,-1.74
1949,1,39.87,2.546,1.98430227676848,1.81,-0.86,-2.01
1949,10,32.01,14.202,0.839856314498361,2.08,0.38,-1.41
1949,11,0,9.396,-1.18644118273779,1.11,-0.77,-0.83
1949,12,13.97,3.448,0.245543940843314,0.95,0.77,-0.8
1949,2,23.88,5.723,1.45147726399483,2.25,0.05,-3.6
1949,3,1.02,10.417,-0.766448558728699,2.29,0.49,-1
1949,4,4.82,13.699,0.312616403220882,2.42,0.28,-0.53
1949,5,3.55,18.569,-0.190060721601447,2.71,-0.68,-1.07
1949,6,18.28,23.96,0.386601377505651,2.34,-1.6,-0.7
1949,7,66.05,26.184,0.688057059516963,2.46,-0.15,-0.56
1949,8,7.62,24.942,-1.32649605008899,1.24,-0.64,-1.3
1949,9,61.97,21.834,0.951977875862024,7.61,0.17,-0.93
1950,1,0.76,5.268,-1.3618358632663,-0.35,0.54,-2.13
1950,10,46.98,17.979,0.563319963443689,-1.82,1.68,-1.36
1950,11,0,8.535,-0.829707881297539,-2.36,0.89,-2.46
1950,12,0,5.31,-1.47499143907859,-2.96,2.46,-0.76
1950,2,5.84,7.612,-0.583540181300314,-1.51,1.58,-2.91
1950,3,0,10.306,-0.818728863160679,-2.16,1.79,-1.13
1950,4,0,15.533,-1.20035388647459,-2.47,1.67,-1.2
1950,5,0,18.125,-0.202268255344696,-2.76,0.55,-2.23
1950,6,13.97,25.182,-0.408330537914358,-2.94,3.06,-1.77
1950,7,68.57,25.239,0.958778203659334,-0.8,2.14,-2.93
1950,8,26.68,23.998,-0.297201977565484,-1.77,1.14,-0.7
1950,9,41.65,20.834,0.550422505139903,6.47,0.63,-2.14
1951,1,7.62,3.768,-0.148710297808031,-2.98,1.32,-1.54
1951,10,30.74,16.257,0.292964315005241,-4.46,-1.44,-0.32
1951,11,1.27,7.841,-0.449499120268502,-4.27,-0.98,-0.28
1951,12,7.88,5.31,-0.608758060678328,-4.07,-0.9,-1.68
1951,2,2.29,5.334,-0.211231970598563,-2.83,0.47,-1.06
1951,3,11.17,9.528,0.609247591776444,-2.72,-0.71,-1.9
1951,4,15.24,13.699,1.12213191131668,-2.31,-1.03,-0.36
1951,5,1.27,19.125,-0.708762497654885,-2.63,-1.29,-0.25
1951,6,0,22.904,-0.0594399781797416,-3.04,-0.52,-1.09
1951,7,8.13,28.212,-2.10288190823499,-3.78,-1.33,0.7
1951,8,21.6,26.165,-1.20764556271052,-3.94,-0.75,-1.37
1951,9,4.57,23,-1.53092132716019,3.83,-1.17,-0.08
1952,1,0,6.602,-1.94387176950539,-4.33,-0.92,-2.01
1952,10,0,15.313,-1.22835321620623,-3.28,0.12,-0.35
1952,11,16.52,7.174,0.845054562445184,-3,-0.22,-0.76
1952,12,4.57,2.976,-0.412194864008471,-2.92,-1.4,0.04
1952,2,12.95,5.167,0.841104417630702,-3.9,-0.83,-0.46
1952,3,14.48,7.639,1.38977757981656,-3.29,-0.02,-0.63
1952,4,9.65,14.199,0.474622404697677,-2.62,-0.73,-1.05
1952,5,12.19,19.292,0.0312736451274347,-2.4,0.67,-1
1952,6,44.96,25.793,0.805366567188782,-1.64,0.78,-1.43
1952,7,39.11,25.795,0.0119593526502617,-1.82,0.51,-1.25
1952,8,25.64,26.053,-1.01053255884484,-2.16,-0.38,-0.6
1952,9,6.6,21.556,-1.00985002587069,5.89,-0.24,-0.89
1953,1,0,5.546,-1.54972783795865,-3.44,0.12,-0.57
1953,10,10.67,15.535,-0.602725380501832,-4.28,-0.18,-1.09
1953,11,0,10.618,-1.78627608096453,-4.41,-0.36,-0.03
1953,12,0.76,0.976,-0.487480349585596,-4.27,-0.61,0.07
1953,2,16.77,4.778,1.17892653147743,-3.02,-0.72,-0.07
1953,3,7.11,10.028,0.0408082578916217,-2.79,-0.79,-1.12
1953,4,7.87,15.199,-0.24169268882325,-2.62,-0.18,0.05
1953,5,0,15.847,0.854722221162965,-2.79,-2.72,0.43
1953,6,13.46,25.682,-0.70844188498173,-2.79,-0.47,0.29
1953,7,20.31,26.739,-1.00606679826407,-2.74,-0.06,0.74
1953,8,1.78,25.22,-1.65925462001978,-3.52,-1.89,0.05
1953,9,0,21.723,-1.33112615295192,4.08,-1.35,-0.63
1954,1,1.52,4.713,-1.09277746791813,-4.32,0.57,-1.32
1954,10,57.41,17.479,1.06923128468816,-3.07,0.09,0.52
1954,11,0,9.452,-1.21136022599652,-3.42,0.16,0.72
1954,12,1.78,4.698,-1.07603806038324,-3.72,1.31,-0.5
1954,2,0,7.723,-1.35250292249093,-4.76,-0.52,-1.61
1954,3,1.27,9.472,-0.288729733549742,-4.77,-0.31,-0.52
1954,4,0,17.366,-2.25872292083984,-4.88,0.41,-1.33
1954,5,14.23,19.931,-0.190820929560313,-4.3,0.15,0.01
1954,6,0,24.46,-0.847892390540396,-4.21,-0.49,0.97
1954,7,20.83,26.628,-0.943572743924093,-4.77,0.36,0.43
1954,8,33.53,25.165,-0.417021077868895,-3.81,0.9,0.08
1954,9,55.12,23.445,0.351677599310517,5.15,0.17,-0.94
1955,1,22.86,2.935,1.20302331637859,-2.97,-0.68,0.2
1955,10,38.86,15.09,0.912137062105707,-1.85,1.51,-2.8
1955,11,1.78,7.507,-0.293634664826024,-2.29,1.38,-3.08
1955,12,0,5.143,-1.41937527099269,-2.82,0.91,-2.75
1955,2,0,3.778,-0.0499906868149458,-2.91,1.3,-1.52
1955,3,9.65,10.361,0.135140379358928,-2.76,0.13,-1.26
1955,4,0,13.366,0.0514279004043036,-2.96,-0.81,-1.97
1955,5,2.53,17.181,0.456498832761215,-2.97,0.88,-1.21
1955,6,3.05,22.348,0.331510577642361,-3.19,1.63,-2.44
1955,7,89.93,24.906,1.42581557989599,-0.48,1.8,-2.35
1955,8,13.21,24.387,-0.918361970451971,-0.94,1.38,-2.25
1955,9,2.29,20.834,-0.973202933054359,5.61,1.4,-1.95
1956,1,2.54,5.879,-1.35543040563093,-3.09,1.16,-2.48
1956,10,1.52,15.646,-1.25376643679188,-4.74,1.92,-2.3
1956,11,0,5.507,0.0818253732347217,-4.66,0.11,-2.11
1956,12,4.57,3.921,-0.595612663922418,-4.53,0.99,-1.28
1956,2,6.6,4.5,0.446209957292067,-2.65,1.1,-2.74
1956,3,0,10.306,-0.818728863160679,-2.95,0.89,-2.56
1956,4,0,12.31,0.572375889547131,-3.05,1.06,-2.17
1956,5,0,19.458,-1.03053895720183,-3.39,1.44,-1.41
1956,6,0.51,25.515,-1.41534400221467,-3.41,1.26,-1.7
1956,7,56.89,24.128,0.927326157883937,-3.55,1.19,-1.03
1956,8,16.76,22.887,-0.313025126996603,-3.72,1.05,-1.16
1956,9,0,19.889,-0.79313073012374,3.61,0.06,-0.71
1957,1,8.13,6.824,-1.02995531877028,-4.37,0.43,-1.82
1957,10,45.7,15.086,1.14048983817638,-0.18,-0.09,1.5
1957,11,19.3,7.987,0.848576825025247,1.25,-1.23,-0.32
1957,12,0,4.386,-1.1908313223495,0.53,-0.44,-0.55
1957,2,12.95,10.889,-1.18450504131394,-4.34,-0.36,-0.68
1957,3,7.36,10.194,-0.00979772657388879,-4.24,-0.37,0.03
1957,4,5.33,13.199,0.600979135028375,-3.85,0.05,-0.58
1957,5,2.79,17.236,0.447579287423791,-3.52,-1.18,0.57
1957,6,0.51,24.56,-0.871712011591679,-3.8,-0.37,1.76
1957,7,33.52,27.659,-0.841679020916285,-3.27,0.18,0.72
1957,8,120.64,25.435,1.61667920181154,-1.74,-1.08,0.51
1957,9,3.81,21.181,-1.01306321255133,6.29,-1.01,1.59
1958,1,21.84,3.036,1.13110488345278,0.79,-1.89,0.25
1958,10,52.58,14.419,1.43622995229479,5.6,-0.56,0.01
1958,11,3.3,8.542,-0.490759015115685,4.96,-0.61,-0.18
1958,12,0,4.386,-1.1908313223495,3.74,-0.84,0.86
1958,2,11.17,7.433,0.0820795428747108,1.8,-0.78,0.62
1958,3,55.12,8.223,2.7969257923131,3.84,-0.32,0.25
1958,4,14.48,13.903,0.986911282507505,4.59,0.03,1.06
1958,5,10.67,20.106,-0.577980721687768,4.62,-1.39,1.28
1958,6,15.24,25.949,-0.75047479235742,4.26,-0.27,1.33
1958,7,21.85,26.881,-0.999659639079965,3.41,0.23,0.89
1958,8,47.23,26.268,-0.283390792989485,2.92,0.72,1.06
1958,9,95.49,21.458,1.77867238612872,10.7,-0.34,0.29
1959,1,0,4.592,-1.23837120218341,2.74,-0.94,0.69
1959,10,13.72,14.197,0.0120089472936387,-1.95,0.34,0.52
1959,11,0,6.154,-0.0726139890881815,-2.1,0.9,1.11
1959,12,7.37,3.386,-0.240033237343555,-2.19,0.81,0.06
1959,2,3.56,5.989,-0.270768465174707,2,-1.5,-0.43
1959,3,0,8.279,0.09350944321743,0.73,0.77,-0.95
1959,4,0.51,15.514,-1.14105381711785,-0.02,0.35,-0.02
1959,5,0.76,18.495,-0.360099898980595,-0.66,0.14,0.23
1959,6,0.51,25.171,-1.21558700023181,-1.76,-0.96,0.44
1959,7,37.84,26.714,-0.334761056716063,-2.49,-0.47,-0.5
1959,8,162.29,25.435,2.11616958228722,-0.4,-0.68,-0.62
1959,9,0,20.07,-0.84518815075716,7.07,-0.01,-0.85
1960,1,18.04,2.836,0.911886385462374,-1.38,-0.05,0.3
1960,10,11.17,15.541,-0.573339571875253,-1.86,-0.2,0.09
1960,11,2.54,9.376,-0.890303259580149,-2.19,0.6,-0.23
1960,12,54.36,1.386,1.82149000160662,-0.62,0.63,0.17
1960,2,1.02,4.544,-0.130019368543031,-1.23,-0.25,0.52
1960,3,0.76,11.501,-1.34719310716534,-1.28,0.47,-0.21
1960,4,0,15.181,-0.991796054247987,-1.64,0.79,0.09
1960,5,0,18.884,-0.65932391465305,-1.98,0.3,0.91
1960,6,13.21,25.282,-0.505217420080953,-1.89,-0.47,0.64
1960,7,35.06,25.047,0.108612186141853,-0.9,0.5,-0.27
1960,8,37.33,25.657,-0.438486608733029,-1.77,0.53,-0.38
1960,9,3.05,21.57,-1.16039892721925,5.52,0.65,-0.94
1961,1,15.75,5.036,0.335767134245569,0.42,-0.43,1.18
1961,10,0.25,14.474,-0.89598314354185,-0.57,-0.73,-2.28
1961,11,38.6,7.487,1.66765477455358,1.72,0.68,-1.85
1961,12,19.05,4.831,0.365546059083316,1.91,1.31,-2.69
1961,2,0,6.044,-0.708835319414383,0.08,0.58,0.43
1961,3,3.3,9.945,-0.300442878590484,0.11,-2.47,0.09
1961,4,0,14.625,-0.662376113138687,-0.09,1.15,0.34
1961,5,0,19.217,-0.872475277104717,-0.63,0.18,-0.06
1961,6,16.75,24.004,0.297114467805959,0,-0.53,-0.61
1961,7,60.19,25.992,0.583522177145974,-0.64,0.18,-1.22
1961,8,87.38,25.602,1.00869182522982,-0.36,-0.16,-1.13
1961,9,83.05,21.236,1.56775976392376,6.97,0.11,-2.01
1962,1,14.48,3.758,0.497341373709705,2.38,1.72,-1.29
1962,10,34.29,15.919,0.546549855696215,2.39,0.95,-1.55
1962,11,6.1,7.955,-0.0435561658217102,1.7,0.27,-0.37
1962,12,26.92,3.608,0.923156002368628,2,-0.1,-0.96
1962,2,9.91,7.989,-0.254452220207105,2.17,-0.41,-1.15
1962,3,2.54,6.89,0.783954502494829,2.15,-0.32,-1.42
1962,4,10.16,15.403,-0.144487388484349,2.38,0.3,-0.8
1962,5,0,17.439,0.167904377369977,2,1.1,-1.22
1962,6,20.32,21.893,1.14732468098116,1.46,0.37,-1.62
1962,7,121.16,24.659,1.89519766254936,3.08,-0.04,-1.46
1962,8,66.05,24.824,0.67535137309823,1.38,0.26,-0.48
1962,9,82.8,20.458,1.67403428649381,8.58,0.53,-1.58
1963,1,0,0.481,-0.415457988039737,1.61,0.8,-0.33
1963,10,18.79,16.911,-0.595726696031134,-1.35,-1.46,-0.52
1963,11,9.14,9.765,-0.366588861020756,-1.45,-0.93,-2.08
1963,12,0,3.831,-1.04555611054158,-1.9,-1.35,-1.08
1963,2,10.92,4.879,0.738998769345222,1.36,0.26,-0.16
1963,3,0,7.111,0.511398448676167,0.79,0.66,-0.54
1963,4,2.29,12.625,0.617152037535301,0.05,0.51,-0.41
1963,5,0,16.989,0.386051133229559,-1.3,0.14,-0.65
1963,6,4.57,23.938,-0.305190784881181,-1.71,-1.3,-0.88
1963,7,14.74,25.644,-0.814958625999332,-2.18,-0.13,-1
1963,8,41.91,22.935,0.4676068414809,-1.41,-0.43,-1.03
1963,9,35.3,23.236,-0.343290947925988,6.72,-0.6,0.45
1964,1,0,1.647,-0.552095622933385,-2.01,-0.53,0.01
1964,10,0.51,14.641,-0.939415746078041,-2.5,1.26,-0.37
1964,11,0,8.077,-0.658983290886162,-2.77,-0.06,-0.8
1964,12,0.76,3.846,-0.966237932703588,-2.72,-0.49,-1.52
1964,2,3.3,1.766,0.619618610312665,-1.95,-0.13,-0.21
1964,3,8.89,8.279,0.852503170437578,-1.62,0.71,-0.87
1964,4,3.3,13.736,0.157173936211426,-1.59,1.78,-1.03
1964,5,16.26,19.551,0.172701239571197,-1.74,-0.02,-1.91
1964,6,0,23.56,-0.374683576097283,-2.19,0.72,-0.32
1964,7,69.61,26.936,0.592420561934297,-2.61,0.62,-0.51
1964,8,54.86,25.379,0.228532314678135,-2.74,1.32,-1.03
1964,9,43.69,20.57,0.677181372321061,5.78,1.29,-0.68
1965,1,22.86,5.654,0.774556977893871,-2.7,-0.52,-1.24
1965,10,14.47,15.069,-0.213384810687694,-2.15,-1.22,-0.36
1965,11,0,10.911,-1.95118342778694,-2.55,-1.86,-0.59
1965,12,34.56,4.957,1.10113584061042,-1.67,0.02,0.06
1965,2,10.41,4.901,0.692740778399667,-2.49,0.01,-1.16
1965,3,9.4,8.398,0.853740336757544,-2.43,0.24,0.04
1965,4,0,14.116,-0.36552833872983,-2.59,-1.34,0.62
1965,5,1.01,18.751,-0.495408536196547,-2.68,-0.03,-0.66
1965,6,12.7,22.219,0.787494500301064,-2.42,-1.63,-0.8
1965,7,29.97,26.448,-0.528334636079871,-2.8,-2.32,-0.47
1965,8,6.35,25.002,-1.39798186148787,-2.74,-1.37,0.2
1965,9,35.05,21.435,0.166843830396584,5.98,-1.41,0.59
1966,1,9.9,1.765,0.423358443120335,-1.32,-1.36,-0.82
1966,10,5.59,14.235,-0.470802913055067,0.97,-0.33,-1.17
1966,11,2.03,10.077,-1.25765170713856,-0.28,-0.2,-1.15
1966,12,1.27,3.346,-0.799857253202176,-1.44,-0.61,-0.32
1966,2,6.86,3.456,0.672969593136768,-1.12,-0.54,-0.03
1966,3,9.65,9.565,0.467159687938255,-0.65,-1.75,-1.29
1966,4,5.84,14.727,-0.158102973069038,-0.17,-0.9,0.06
1966,5,1.53,20.029,-1.28533140778051,-0.71,-0.71,-0.53
1966,6,22.1,23.386,0.761590451729985,2.23,0.14,0.16
1966,7,17.26,27.004,-1.22932815176619,1.44,-0.15,0.26
1966,8,51.82,24.502,0.367770078466509,1.85,0.19,-0.35
1966,9,31.74,20.88,0.191983047385628,8.08,-0.24,-0.33
1967,1,0,2.377,-0.680585558911251,-1.8,1.52,-0.2
1967,10,0,15.18,-1.17672407358892,-1.07,-0.17,-0.64
1967,11,32.01,9.522,1.18730938245255,-0.97,-0.57,-0.05
1967,12,24.12,3.235,0.833241924516987,-0.16,-0.78,-0.4
1967,2,9.91,6.512,0.244338357547197,-2,1.2,-0.18
1967,3,1.27,12.454,-1.79786789663773,-2.62,0.65,-1.2
1967,4,0,15.06,-0.919974198795967,-2.86,-0.12,-0.89
1967,5,14.73,17.584,0.964278657068911,-2.87,-0.41,-1.24
1967,6,36.83,23.553,1.2152767382955,-1.73,0.67,-1.16
1967,7,12.19,26.781,-1.34614266985133,-1.88,0.18,-0.89
1967,8,40.64,23.78,0.222263170990635,-1.11,0.44,-1.24
1967,9,46.23,21.046,0.65017019934586,7.2,0.44,-0.72
1968,1,14.73,4.21,0.429625063288715,0.29,0.47,-0.95
1968,10,6.86,15.513,-0.840696450743054,1.35,-0.35,-0.34
1968,11,31.24,7.8,1.39878412742612,2.03,-0.44,-0.44
1968,12,9.9,2.846,0.0434568881291993,1.69,0.13,-1.27
1968,2,17.27,7.901,0.523714259172116,1.35,0.77,-0.4
1968,3,28.45,9.009,1.81355615403503,2.53,-0.56,-0.31
1968,4,4.83,12.283,0.95585781005151,2.93,-0.31,-1.03
1968,5,0,17.862,-0.055115493745982,2.3,1.21,-0.53
1968,6,0,23.441,-0.315463809706153,1.43,1.27,-0.35
1968,7,53.34,25.004,0.647781096655864,2.47,0.77,0.53
1968,8,56.14,23.114,0.794221380946312,3.15,-0.2,0.19
1968,9,24.63,19.824,0.203438096030753,8.26,-0.36,0.06
1969,1,13.97,6.265,-0.17678728074978,1.09,-1.36,-1.26
1969,10,28.96,15.791,0.337008728892891,-0.16,-1.35,1.12
1969,11,1.02,7.855,-0.478725179380715,-0.56,-0.18,0.15
1969,12,38.6,4.901,1.24849737608746,0.16,0.24,1.38
1969,2,4.07,5.956,-0.202648566597672,0.51,-0.85,-0.95
1969,3,0.51,6.287,0.795199744353265,0.02,-0.03,-0.5
1969,4,0.51,14.949,-0.804856058270273,-0.79,-0.9,-0.44
1969,5,14.74,18.973,0.372133816945093,-0.7,-0.78,-0.2
1969,6,11.93,23.553,0.257518559290778,-1.2,-0.24,0.89
1969,7,67.56,26.448,0.662008070915884,-0.2,-0.73,0.1
1969,8,37.59,26.614,-0.749656866423266,-0.85,-0.71,-0.81
1969,9,29.47,21.491,-0.0604211174416167,7.39,-1.1,-0.66
1970,1,0,3.662,-0.975118282380751,-0.57,-1.26,0.61
1970,10,18.8,12.326,0.704160866052856,-1.41,0.74,-1.39
1970,11,0,7.97,-0.620913135990208,-1.84,1.85,-0.8
1970,12,14.48,5.674,-0.117026428206929,-2.16,1.83,-0.97
1970,2,7.11,6.912,-0.178879243534741,-0.27,-1.22,0.43
1970,3,15.25,8.629,1.19108796945848,-0.23,0.06,1.33
1970,4,0,12.7,0.390297021865892,-0.74,-0.56,0.43
1970,5,0,18.774,-0.590428529276972,-1.17,0.04,-0.49
1970,6,0.76,23.723,-0.413398782235639,-1.35,1.02,0.06
1970,7,82.05,27.113,0.858441249799421,-0.95,-0.52,-0.68
1970,8,14.22,25.255,-1.17590942569563,-1.74,0.31,-1.63
1970,9,5.59,21.163,-0.93413850186264,5.75,1.18,-1.67
1971,1,2.79,3.995,-0.737334320266992,-2.44,0.23,-1.9
1971,10,44.45,14.603,1.18384685709997,-1.78,1.75,-0.22
1971,11,17.53,9.081,0.511778606521866,-1.6,0.55,-1.25
1971,12,26.68,4.896,0.774008386581232,-1.05,0.15,-1.87
1971,2,0,6.467,-0.859437206458108,-2.78,1.44,-1.74
1971,3,0,9.963,-0.651140057313382,-3.25,1.98,-1.68
1971,4,10.16,13.644,0.77987814172507,-3.12,2.58,-1.59
1971,5,0,18.274,-0.288370948874879,-3.33,0.88,-1.55
1971,6,7.11,23.9,-0.146289292164896,-3.55,0.21,-1.55
1971,7,30.49,27.446,-0.877776975413971,-3.49,0.17,-2.2
1971,8,42.41,24.478,0.089321610666049,-2.85,1.42,-0.15
1971,9,30.98,21.997,-0.145957759166262,5.03,1.51,0.21
1972,1,9.65,4.884,-0.220619195781143,-1.14,0.33,-1.99
1972,10,74.93,16.881,1.63240629914966,3.93,-1.13,0.11
1972,11,15.75,5.859,1.00954536463932,3.95,-0.38,0.57
1972,12,19.06,4.618,0.399257981283224,3.63,-1.47,-0.33
1972,2,0.76,6.301,-0.706637869514176,-1.48,0.67,-1.83
1972,3,0,12.741,-2.08066028490346,-2.41,0.13,-2.09
1972,4,0,14.144,-0.381641076914549,-2.66,-0.46,-1.65
1972,5,14.99,18.33,0.683797127449836,-2.63,-1.52,-1.57
1972,6,43.94,24.111,1.27923162944606,-1.45,-1.68,-1.87
1972,7,52.84,26.501,0.233887237693176,-1.52,-1.84,-0.83
1972,8,91.69,24.533,1.27837104213551,2.32,-1.12,0.25
1972,9,21.08,21.052,-0.266529025894908,8.83,-1.48,0.17
1973,1,29.97,2.551,1.60019908206123,3.96,-0.43,-0.46
1973,10,2.29,14.548,-0.788201712885014,2.39,0.85,-0.87
1973,11,0.76,9.525,-1.15504995929955,1.58,2.85,-1.81
1973,12,0,3.896,-1.06165834465234,-0.15,1.76,-0.76
1973,2,30.22,5.578,1.77810021132946,5.15,-1.47,-0.61
1973,3,11.94,8.852,0.899557639601645,5.33,-0.06,-0.5
1973,4,0,11.089,1.06305650445793,5.18,-0.37,-0.69
1973,5,6.35,17.663,0.472037193985923,5.73,0.25,-0.76
1973,6,26.16,22.889,1.061600889334,5.52,1.22,-0.97
1973,7,56.13,25.557,0.585165546405238,5.94,0.63,-0.57
1973,8,54.87,24.255,0.513246472062826,5.1,1.18,-1.14
1973,9,0,21.608,-1.29685407145039,8.63,1.27,-0.51
1974,1,22.1,4.884,0.870975091669117,-0.47,2.16,-1.22
1974,10,86.62,15.881,1.96921481580438,4.96,0.72,-0.1
1974,11,9.14,8.247,0.123073071916921,4.7,-0.42,0.43
1974,12,20.58,2.618,0.719993651613594,4.5,-0.14,-0.12
1974,2,0,4.134,-0.136430087180107,-2.18,1.49,-1.65
1974,3,2.03,12.296,-1.63566435615618,-3.1,2.1,-0.9
1974,4,0,14.033,-0.317954220423462,-3.26,1.27,-0.52
1974,5,0,20.385,-1.66292254578114,-3.4,1.24,-0.28
1974,6,3.3,25.611,-1.29466574682943,-3.74,0.14,-0.31
1974,7,131.59,25.39,1.93759115132485,-2.03,1.23,-0.08
1974,8,75.69,23.089,1.21245482196302,-0.74,0.56,0.27
1974,9,52.57,20.052,1.04429282685475,9.06,1.16,0.44
1975,1,9.15,3.662,0.0303481340549343,4.3,-0.62,-0.84
1975,10,13.46,14.937,-0.229396556590801,2.68,1.67,-1.29
1975,11,10.92,8.414,0.215669730758694,2.29,1.25,-2.08
1975,12,5.59,3.785,-0.471404850923979,1.91,2.05,-1.61
1975,2,9.91,6.023,0.382034526578187,4.17,0.46,-0.71
1975,3,11.43,9.518,0.634193615639074,4.3,1.14,-0.51
1975,4,0.76,11.367,1.01542173390227,3.83,1.48,-1.3
1975,5,0.76,16.496,0.646453296512295,3.41,0.51,-1.02
1975,6,0,23.334,-0.262961761097088,2.5,1.69,-1.16
1975,7,65.03,25.39,0.846383982047868,2.71,2.13,-0.4
1975,8,27.18,25.478,-0.753758262285229,1.9,2.03,-1.07
1975,9,72.4,20.663,1.42686092484483,9.06,2.15,-1.23
1976,1,3.04,2.94,-0.454088523661925,1.45,1.19,-1.14
1976,10,27.94,12.826,0.952355597463006,1.06,0.13,1.11
1976,11,19.56,6.247,1.13228412351903,1.35,0.76,1.25
1976,12,5.59,1.674,-0.142047280717945,0.71,-0.48,1.22
1976,2,17.27,9.023,0.150850302597684,1.01,1.18,-1.85
1976,3,0,10.629,-0.979829667794289,-0.89,1.33,-0.96
1976,4,12.45,15.033,0.278610827599329,-1,0.24,-0.89
1976,5,12.7,18.496,0.475018471579911,-0.09,0.5,-0.68
1976,6,32.26,24.111,0.901748778962557,-0.3,-0.16,-0.67
1976,7,36.33,24.835,0.210420828665337,0.44,-1.24,0.61
1976,8,22.85,24.478,-0.585282712775063,-1.12,-1.46,1.28
1976,9,92.96,20.386,1.87011405407806,7.68,-1.29,0.82
1977,1,18.04,3.551,0.80962222770162,0.98,-0.39,1.65
1977,10,24.13,16.603,-0.16412979102456,-0.78,-1.39,-0.61
1977,11,5.59,9.247,-0.52014710476461,-1.23,-1.56,-0.72
1977,12,7.42,6.5,-1.00642646951647,-1.62,-1.23,-0.69
1977,2,3.55,6.245,-0.356169828638405,0.34,0.65,1.11
1977,3,8.38,7.018,1.16288192441745,0.36,-1.2,0.72
1977,4,7.12,14.422,0.134100518058917,-0.07,-1.17,0.3
1977,5,8.38,18.719,0.0775526790159021,-0.71,-1.18,0.31
1977,6,3.04,24.611,-0.746174306938156,-1.13,-2.33,0.42
1977,7,47.23,26.168,0.158960505137555,-0.92,-1.45,0.19
1977,8,47.74,26.589,-0.368918783052123,-0.87,-1.42,0.64
1977,9,4.83,23.441,-1.6554821643744,6.81,-0.95,-0.55
1978,1,15.49,5.051,0.308868645552038,-1.47,-0.48,0.34
1978,10,39.62,15.937,0.761497934844864,1.55,-0.76,0.1
1978,11,77.72,10.247,2.28623029815956,3.54,-0.28,-0.07
1978,12,23.37,3.562,0.766031928200401,3.63,-0.21,-0.43
1978,2,14.99,6.467,0.715491958042188,-0.99,-2.63,1.45
1978,3,4.06,11.463,-0.981926232502194,-1.15,-0.82,1.34
1978,4,0.25,15.589,-1.20999487224837,-1.56,-0.88,1.29
1978,5,26.43,18.996,1.00984734105053,-0.96,1.5,0.9
1978,6,37.35,25.223,0.71408923886653,-0.49,0.4,0.15
1978,7,21.33,28.001,-1.46142297271886,-1.63,0.53,-1.24
1978,8,80.76,24.478,1.0780477972914,-1.11,0.12,-0.56
1978,9,51.05,20.608,0.892160405220874,-15.63,0.06,-0.44
1979,1,23.37,2.606,1.26685383384549,4.17,-0.45,-0.58
1979,10,0,14.27,-0.839399539235194,3.08,-0.37,1.06
1979,11,0,4.859,0.217521635972858,2.38,-0.61,0.48
1979,12,30.99,3.118,1.12497337449146,2.37,-0.9,-0.42
1979,2,7.87,5.412,0.348444532640821,3.94,0.61,-1.33
1979,3,0,8.852,-0.142622634753447,3.76,-0.49,0.3
1979,4,10.41,13.033,1.05435558731757,3.83,-0.65,0.89
1979,5,12.7,17.607,0.853817049090393,4.45,0.46,1.09
1979,6,4.82,22.167,0.481814956102127,4.55,0.58,0.17
1979,7,34.79,26.39,-0.332102726760554,4.04,-0.76,0.84
1979,8,73.66,23.033,1.18292073367615,4.89,-0.69,0.52
1979,9,37.77,20.386,0.526876023213342,0,0.11,1
1980,1,24.89,5.829,0.883543943030783,2.37,0.28,-0.11
1980,10,10.93,13.715,-1.28685909844669e-05,-0.48,-0.34,1.35
1980,11,2.79,6.359,0.108162040078267,-0.62,-0.47,0.37
1980,12,9.91,5.285,-0.413568610995254,-1.4,-0.21,-0.1
1980,2,26.67,6.634,1.4600678785075,2.71,-0.02,1.32
1980,3,2.03,8.074,0.35898992816855,2.76,-1.06,1.09
1980,4,6.1,12.2,1.07684346392682,2.57,-1.6,1.49
1980,5,25.9,17.607,1.43227285416424,2.57,-0.35,1.2
1980,6,0,25.278,-1.3094563687211,1.53,-0.68,-0.22
1980,7,14.23,27.501,-1.54940692225179,-1.47,-0.14,0.23
1980,8,40.89,25.533,-0.272810544802222,-1.62,-0.06,0.51
1980,9,50.05,21.774,0.603381000180866,0,-0.54,0.1
1981,1,13.72,5.273,0.086820123442714,-0.93,0.27,0.59
1981,10,12.19,15.381,-0.453709856915183,-0.78,-0.71,0.18
1981,11,14.48,9.47,0.190772341581,-0.57,0.07,0.8
1981,12,2.03,5.618,-1.32932230111358,-1.35,0.41,0.67
1981,2,1.01,5.967,-0.560888816866459,-1.3,-0.47,1.46
1981,3,10.92,8.852,0.823669253500018,-1.36,-2.01,0.99
1981,4,4.57,15.755,-0.898957168410449,-1.2,-0.6,1.45
1981,5,28.7,19.274,1.01439012026211,-0.79,0.82,1.75
1981,6,26.42,25.111,0.282335083457588,-0.77,1.28,1.69
1981,7,40.89,27.001,-0.325311518424379,-0.86,0.87,0.84
1981,8,62.23,23.978,0.763240545395804,-0.72,0.4,0.18
1981,9,54.1,21.441,0.805976866869406,0,0.52,0.42
1982,1,14.73,4.384,0.393062570006685,-1.07,0.87,0.34
1982,10,0,14.3,-0.850076260996242,-2.02,-2.2,0.37
1982,11,16.25,8.3,0.610241500487572,-1.59,-3.25,-0.25
1982,12,48.25,3.4,1.61720865923448,0.96,-2.48,0.26
1982,2,5.08,6.967,-0.430463643320598,-1.13,-0.03,0.2
1982,3,0.25,10.713,-0.995885794580837,-1.66,0.05,0.19
1982,4,0.25,16.311,-1.63341175341564,-1.99,-0.46,-0.19
1982,5,4.82,17.58,0.415457159474712,-1.76,-0.74,-0.58
1982,6,3.56,23.056,0.0575336929226628,-1.94,-2.49,-0.78
1982,7,62.24,26.696,0.454750505123001,-2.31,-1.89,0.58
1982,8,47.5,26.005,-0.191368385205905,-2.54,-2.66,0.39
1982,9,91.94,21.941,1.64387658222891,0,-2.12,0.84
1983,1,24.13,4.2,1.11534791285889,2.01,-3.36,0.56
1983,10,32.25,15.937,0.45127910715558,0.86,0.34,0.96
1983,11,39.88,9.359,1.50315111695454,1.77,-0.12,1.02
1983,12,4.57,5.09,-0.883037701159692,1.13,-0.17,1.69
1983,2,13.71,6.9,0.492734066499124,2.22,-3.46,1.14
1983,3,3.56,9.324,0.00549395529167424,2.63,-3.25,2.11
1983,4,22.35,11.283,2.17750687089069,3.33,-1.41,1.87
1983,5,6.86,16.607,0.928906796097804,3.59,0.79,1.8
1983,6,12.45,21.834,0.899177694700606,3.22,-0.58,2.36
1983,7,20.84,25.6,-0.56740547116874,2.06,-0.7,3.51
1983,8,38.1,25.3,-0.297539819536408,1.03,-0.37,1.85
1983,9,30.23,23.552,-0.649013797123279,0,0.91,0.91
1984,1,13.21,3.467,0.443887968928354,1.06,-0.03,1.5
1984,10,47.23,13.215,1.46200644186537,3.83,-0.61,0.58
1984,11,23.87,7.747,1.11168712861151,4.23,0.12,0.71
1984,12,61.47,4.59,1.84126987825229,5.69,-0.24,0.82
1984,2,0,6,-0.693643362072802,0.15,0.43,1.21
1984,3,7.62,10.546,-0.148107004577327,-0.5,-0.85,1.77
1984,4,0,14.144,-0.381641076914549,-1.08,0.39,1.52
1984,5,26.67,21.746,-0.381407613672452,-0.79,-0.03,1.3
1984,6,69.85,24.306,1.85376441246477,0.16,-1.22,0.18
1984,7,82.55,26.001,1.10205971822035,-0.9,0.12,-0.18
1984,8,167.13,23.922,2.28606216026874,2.73,0.1,-0.03
1984,9,7.62,20.83,-0.751564848788797,0,0.17,0.67
1985,1,38.11,3.467,1.8579393357072,6.17,-0.55,1.27
1985,10,73.66,14.992,1.82782999429863,7.49,-0.76,0.29
1985,11,0.51,8.942,-0.935503067378325,6.94,-0.35,-0.75
1985,12,5.08,3.812,-0.524205368420061,5.78,0.12,0.38
1985,2,2.28,5.551,-0.278140943388491,5.74,0.79,0.94
1985,3,12.96,10.796,0.250465785166089,5.92,0.2,0.57
1985,4,14.23,15.144,0.374552664975294,6.69,1.42,0.19
1985,5,1.52,19.107,-0.676932383581156,6.83,-0.15,0
1985,6,6.61,23.5,0.0147173696478724,6.03,-1.39,0.18
1985,7,14.22,25.668,-0.843821059104621,5.12,-0.2,1.07
1985,8,99.56,24.644,1.39815289019449,5.37,0.66,0.81
1985,9,58.41,20.024,1.20175308774969,0,0,0.44
1986,1,0,4.634,-1.25120681823081,4.58,0.82,1.12
1986,10,32.01,14.381,0.803487279930168,2.76,0.54,1
1986,11,56.13,7.72,2.06649216690432,4.44,-1.57,1.77
1986,12,44.71,3.84,1.50466755278324,5.5,-1.64,1.77
1986,2,10.92,9.051,-0.568502476241594,3.75,-1.28,1.61
1986,3,6.6,11.074,-0.513289531719308,3.03,-0.09,2.18
1986,4,0,15.867,-1.39703226596784,2.33,0.11,1.55
1986,5,18.55,18.719,0.715777498566371,2.24,-0.63,1.16
1986,6,74.42,23.834,2.01560124159032,3.52,1.01,0.89
1986,7,52.33,25.39,0.525144972197459,3.83,0.24,1.38
1986,8,56.38,25.228,0.314073912456889,3.63,-0.85,0.22
1986,9,10.68,20.83,-0.625265753732078,0,-0.53,0.22
1987,1,7.87,2.384,0.150444114413169,4.92,-0.75,1.88
1987,10,6.35,16.603,-1.30408875424224,3.38,-0.69,1.36
1987,11,6.86,7.386,0.173850671434127,3.02,-0.07,1.47
1987,12,49.03,1.951,1.69481399375647,3.59,-0.66,1.27
1987,2,8.13,5.634,0.315759917172456,4.56,-1.41,1.75
1987,3,6.35,8.018,0.739933611236225,4.49,-2.03,2.1
1987,4,1.52,13.144,0.304153407847258,4.49,-2.69,2.16
1987,5,2.53,17.746,0.18459686458795,4.67,-2.12,1.85
1987,6,35.31,23.111,1.28444280615074,5.6,-2.69,0.73
1987,7,14.23,25.279,-0.702880199624574,4.54,-1.82,2.01
1987,8,120.39,24.45,1.73380986869663,5.55,-1.67,2.83
1987,9,12.19,19.886,-0.293302000999762,0,-1.13,2.44
1988,1,3.81,2.634,-0.307213619971678,3.17,-0.31,0.93
1988,10,22.87,16.687,-0.265778895341134,2.59,1.35,-0.1
1988,11,2.79,9.053,-0.733316720410511,1.71,1.92,-0.02
1988,12,20.83,3.951,0.592423453436865,1.68,1.09,-0.43
1988,2,29.21,6.801,1.56578803403356,3.52,-0.65,1.24
1988,3,3.3,9.129,0.0633781060954067,3.49,0.13,1.42
1988,4,12.95,12.394,1.44205170711476,3.34,-0.03,0.94
1988,5,4.32,18.552,-0.122821431536183,2.78,1.09,1.2
1988,6,20.07,23.473,0.650432477072533,2.33,-0.2,0.74
1988,7,64,25.418,0.815914865761178,2.55,1.17,0.64
1988,8,64.77,24.1,0.798766181787266,3.8,1.36,0.19
1988,9,14.98,19.913,-0.189451357390726,0,1.92,-0.37
1989,1,12.19,3.301,0.385947747427883,1.47,1.31,-0.95
1989,10,14.74,14.798,-0.112287076458403,-1.56,0.61,-0.12
1989,11,1.78,8.581,-0.658833953189617,-2.02,-0.38,-0.5
1989,12,15.76,2.007,0.517234406783462,-1.72,-0.62,-0.21
1989,2,12.44,7.523,0.182620350301347,1.33,0.8,-1.02
1989,3,16.51,12.268,-0.117524568991364,0.68,0.59,-0.83
1989,4,0,16.367,-1.68819972625873,-0.45,2.18,-0.32
1989,5,6.35,19.941,-0.822017541250084,-0.94,1.45,0.47
1989,6,0,23.5,-0.344717180232716,-1.92,0.81,0.36
1989,7,32,26.3,-0.401578658405077,-1.79,0.95,0.83
1989,8,98.03,24.422,1.40504898108438,-0.62,-0.82,0.09
1989,9,42.66,20.719,0.610347667587013,0,0.52,0.05
1990,1,5.08,3.051,-0.256194147013693,-1.61,-0.21,-0.3
1990,10,16.76,14.715,0.024007912307078,2.26,-0.17,-0.69
1990,11,16.01,9.053,0.416600006436282,2.26,-0.68,-1.69
1990,12,16.76,3.729,0.385773079835976,1.96,-0.38,-2.23
1990,2,6.6,5.273,0.261020080960342,-1.53,-1.79,-0.65
1990,3,12.7,10.657,0.287851484277533,-1.31,-1.09,-0.62
1990,4,21.09,15.339,0.832708024796413,-0.92,-0.01,0.27
1990,5,13.72,18.774,0.405352984118171,-1.01,1.41,0.44
1990,6,0,26.861,-2.28107953541553,-1.76,-0.07,0.44
1990,7,69.31,25.418,0.938007629795116,-0.33,0.57,0.27
1990,8,47.75,23.311,0.540063981683781,1,-0.71,0.11
1990,9,33.53,21.997,-0.0463588592553108,0,-0.78,0.38
1991,1,5.59,3.967,-0.414321603433362,1.79,0.45,-2.02
1991,10,16.77,15.576,-0.24556409500609,2.2,-1.55,0.49
1991,11,15.24,7.525,0.709081395256871,2.03,-0.77,0.42
1991,12,100.33,3.785,2.41147056423146,4.85,-2.02,0.09
1991,2,20.82,7.69,0.873321083324403,1.75,-0.06,-1.19
1991,3,8.12,8.963,0.562775085828111,1.69,-1.35,-0.74
1991,4,0,13.783,-0.176579158101198,0.97,-1.55,-1.01
1991,5,2.03,18.913,-0.514129654690333,0.53,-1.74,-0.51
1991,6,25.15,22.806,1.05192113900645,-0.34,-0.79,-1.47
1991,7,99.56,24.946,1.57160452111366,1.29,-0.07,-0.1
1991,8,87.37,23.922,1.29612944706747,2.54,-1.07,0.36
1991,9,30.72,20.136,0.344750750230363,0,-1.64,0.65
1992,1,35.06,1.44,1.87497795802273,5.67,-2.85,0.05
1992,10,42.67,15.465,0.971855331956481,4.65,-2.03,0.93
1992,11,0,5.97,-0.0266715688171694,3.82,-0.84,0.93
1992,12,34.29,3.729,1.1972287693383,4.19,-0.71,0.53
1992,2,6.1,6.467,-0.141483110166195,5.09,-1.05,0.31
1992,3,11.43,9.907,0.4866571883246,5.21,-2.85,0.67
1992,4,19.81,14.922,0.929139561176917,5.97,-2.06,0.75
1992,5,91.18,18.274,2.77144313364698,8.97,0.06,1.54
1992,6,2.03,21.834,0.48289291928911,8.87,-1.82,1.26
1992,7,28.7,25.39,-0.211502972585556,7.74,-0.63,1.9
1992,8,40.38,24.255,0.0866057437486357,6.5,-0.01,1.44
1992,9,23.62,21.33,-0.244973523341433,0,0.06,0.83
1993,1,42.16,6.162,1.74511452394967,5.27,-0.93,0.05
1993,10,19.31,14.492,0.220004362013817,1.88,-1.57,1.41
1993,11,8.64,7.414,0.30103742208658,1.62,-0.13,1.24
1993,12,18.28,3.757,0.473278378158229,1.39,0.07,1.07
1993,2,6.1,7.162,-0.382616639956795,4.85,-0.96,0.19
1993,3,6.1,10.185,-0.130007430415355,4.56,-1.13,0.76
1993,4,2.29,14.311,-0.257050238268282,4.21,-2.29,1.21
1993,5,6.1,18.996,-0.247082149399555,3.8,-0.59,2.13
1993,6,11.43,23.834,0.110656699295384,3.12,-2.18,2.34
1993,7,89.16,26.251,1.1855073629202,2.96,-1.06,2.35
1993,8,45.45,24.033,0.300988469398329,3.64,-1.73,2.69
1993,9,7.87,20.941,-0.77397808155315,0,-0.78,1.56
1994,1,7.37,4.051,-0.243142199395233,0.51,-0.25,1.21
1994,10,18.54,15.096,0.00618870128912724,-3.09,-1.58,-1.32
1994,11,33.27,8.664,1.36256015273979,-1.81,-0.81,-1.96
1994,12,32,5.471,0.944713816746091,-0.44,-1.41,-1.79
1994,2,7.36,5.745,0.209923264486942,-0.39,-0.06,0.59
1994,3,9.65,10.773,-0.054580818254617,-1.2,-1.35,0.8
1994,4,4.06,14.522,-0.209174042500112,-1.42,-2.63,1.05
1994,5,6.85,19.624,-0.575253387597103,-1.09,-1.26,1.23
1994,6,6.86,26.925,-1.85923247514906,-1.84,-1.46,0.46
1994,7,50.55,27.585,-0.186583719970485,-2.2,-1.7,0.06
1994,8,37.09,27.018,-0.910314363003398,-2.88,-2.03,-0.79
1994,9,11.18,21.924,-0.931673326927044,0,-1.7,-1.36
1995,1,23.63,4.778,0.993002414395015,0.25,-0.51,-0.49
1995,10,0,15.457,-1.28492989098262,-1.7,-0.34,0.47
1995,11,2.29,10.164,-1.26767294271796,-2.24,-0.02,-0.28
1995,12,4.06,5.276,-0.990441469710295,-2.61,-0.72,0.16
1995,2,10.67,9.564,-0.827434950643112,0.45,-0.35,0.46
1995,3,1.02,11.301,-1.21617329933101,0.29,0.24,0.75
1995,4,0,12.578,0.448597102382003,0.07,-1.72,0.83
1995,5,0.76,18.596,-0.420726544427195,-0.33,-0.91,1.46
1995,6,0.51,23.786,-0.459890419412785,-0.74,-0.31,1.27
1995,7,32.25,25.779,-0.215690094872638,-1.26,0.44,1.71
1995,8,78.99,26.546,0.610178398118624,-1.92,-0.11,0.21
1995,9,44.45,21.757,0.419688680144845,0,0.28,1.16
1996,1,5.59,4.972,-0.694705263369435,-2.72,0.82,0.59
1996,10,16.76,15.291,-0.153299432604735,-0.84,0.26,-0.33
1996,11,2.29,8.914,-0.731960625478594,-1.18,-0.21,0.09
1996,12,0,3.887,-1.05941468171788,-2.1,0.71,-0.03
1996,2,2.28,9.676,-1.94896689365887,-3.37,-0.02,0.75
1996,3,0,9.773,-0.56014673736874,-3.66,0.53,1.01
1996,4,13.21,14.689,0.525504308662984,-3.32,0.91,1.46
1996,5,0,21.512,-2.49591141238535,-3.71,0.46,2.18
1996,6,30.99,26.091,0.0605274769858932,-2.56,1.6,1.1
1996,7,76.96,27.029,0.756586989540902,-1.97,0.7,0.77
1996,8,69.61,24.824,0.763175192528189,-2.16,0.33,-0.14
1996,9,66.29,20.424,1.325369623653,0,0.66,0.24
1997,1,20.58,3.389,1.00712258603905,-1.69,0.29,0.23
1997,10,10.17,14.513,-0.285512797070982,-1.18,-1.69,1.61
1997,11,13.46,8.581,0.358674991610098,-0.99,-1.31,1.12
1997,12,41.4,1.832,1.51560186595381,0.98,-1.12,0.67
1997,2,25.14,6.37,1.41948733711272,-1.29,1.21,0.28
1997,3,9.65,11.551,-0.442344664174654,-1.24,-1.09,0.65
1997,4,4.32,13.245,0.495633877155553,-1.27,-1.55,1.05
1997,5,37.85,20.235,1.08383147381465,-0.8,-2.41,1.83
1997,6,54.1,23.23,1.72597263335847,-0.21,-3.02,2.76
1997,7,135.13,26.029,1.90841163548049,-0.27,-0.91,2.35
1997,8,32.27,24.879,-0.371542100996566,-1.05,-2.31,2.79
1997,9,37.85,23.535,-0.33241010623974,0,-1.55,2.19
1998,1,2.03,4.611,-1.00121379675918,0.29,-2.53,0.83
1998,10,55.63,16.8,1.14220713938351,1.02,1.01,-1.39
1998,11,13.97,9.997,-0.0144939933024362,1.27,1.01,-0.52
1998,12,8.64,5.11,-0.486785747430611,0.78,1.32,-0.44
1998,2,7.87,5.259,0.386874931350114,0.53,-1.97,1.56
1998,3,11.68,9.218,0.760016671953355,0.92,-3.31,2.01
1998,4,2.03,11.661,0.995616488307175,0.56,-2.8,1.27
1998,5,0,19.235,-0.884177524453506,-0.27,0.17,0.7
1998,6,3.81,22.98,0.103874836225444,-0.89,1.05,0.4
1998,7,55.37,27.14,0.119301088206161,-0.08,1.49,-0.04
1998,8,31.25,25.379,-0.569159362699882,-1.29,0.83,-0.22
1998,9,8.64,24.09,-1.70313531191815,0,1.04,-1.21
1999,1,7.87,6.333,-0.880042037566843,-0.11,1.58,-0.32
1999,10,26.42,15.1,0.401481214853541,0.86,0.95,-2.23
1999,11,0,10.5,-1.72256519494956,-0.5,1.22,-2.05
1999,12,13.97,2.749,0.334805749702754,-0.73,1.37,-1.63
1999,2,0,7.564,-1.28645481654844,-1.68,0.58,-0.66
1999,3,16.01,11.357,0.278061015880141,-1.94,0.78,-0.33
1999,4,0.51,13.411,0.0745950089065666,-2.14,2.1,-0.41
1999,5,1.27,19.179,-0.743309871497446,-2.25,0.44,-0.68
1999,6,49.78,22.98,1.67915131572829,-1.14,0,-1.3
1999,7,30.99,25.8,-0.266947007716273,0.46,0.52,-0.66
1999,8,99.82,24.879,1.36762177205195,1.52,-0.03,-0.96
1999,9,45.47,22.035,0.384247120210165,0,-0.07,-1.53
2000,1,0,6.4,-1.86421959729055,-1.87,0.47,-2
2000,10,62.23,15.4,1.53915803118359,-1.08,0.87,-1.3
2000,11,34.8,5.942,1.69592779644856,1.25,2.02,-0.53
2000,12,3.3,3.8,-0.693022984181981,0.77,0.77,0.52
2000,2,0,8.12,-1.52191797956762,-2.63,1.24,-0.83
2000,3,6.61,9.857,0.0684050185871569,-2.65,0.88,0.29
2000,4,0,16.9,-1.99411089356188,-2.97,1.76,0.35
2000,5,0,22.4,-3.26853987082787,-3.41,0.42,-0.05
2000,6,114.54,25.036,2.44526941123522,2.13,-0.87,-0.44
2000,7,49.53,27,-0.0263994933685536,1.42,-0.34,-0.66
2000,8,30.49,25.324,-0.579066049985281,0.57,0.48,-1.19
2000,9,2.03,23.2,-1.69423607502995,0,0.97,-1.24
2001,1,15.49,2.667,0.752659839355962,0.89,0.78,0.6
2001,10,0,17.2,-2.03278312265285,-3.39,-0.38,-1.37
2001,11,6.35,9.9,-0.698072537112011,-3.41,0.64,-1.26
2001,12,5.33,4.3,-0.607069361165272,-3.57,-1.06,-0.93
2001,2,8.89,7,-0.0140648062026347,0.67,1,0.29
2001,3,2.79,9.8,-0.284734489777425,0.6,0.46,0.45
2001,4,5.84,15.2,-0.438196528209211,0.14,-0.18,-0.31
2001,5,5.84,20.6,-1.31219605304533,-0.16,-0.84,-0.3
2001,6,3.81,25.1,-0.969885544172328,-0.66,-0.19,-0.47
2001,7,6.09,27.3,-1.80506099428305,-1.82,-0.27,-1.31
2001,8,38.11,25.4,-0.328571973186249,-2.33,-1.01,-0.77
2001,9,64.01,22.3,0.912218178360201,0,0.11,-1.37
2002,1,7.11,5.7,-0.750654813612119,-3.55,0.2,0.27
2002,10,25.16,15.685,0.179366596334495,-2.54,-0.79,0.42
2002,11,8.38,8.1,0.103378867653906,-2.67,-0.6,1.51
2002,12,39.63,4.1,1.34359188045595,-1.41,-1.3,2.1
2002,2,18.03,5.8,1.08468189601631,-2.69,0.64,-0.64
2002,3,0,10,-0.669021336901059,-2.69,-0.81,-0.43
2002,4,0,17,-2.0510693968602,-3.07,-0.48,-0.32
2002,5,4.32,20,-1.03022052793201,-3.11,-1.54,-0.63
2002,6,2.54,26.8,-2.06782040691873,-3.37,-1.02,-0.35
2002,7,106.69,26.4,1.46892123391418,-2.41,-0.7,-0.31
2002,8,35.82,26.7,-0.846656744559701,-2.96,-1.62,0.6
2002,9,6.6,22.8,-1.38737658018359,0,-0.66,0.43
2003,1,0,6.364,-1.85024508966583,-1.86,-0.3,2.09
2003,10,11.68,19.185,-2.085934340299,-3.78,-0.26,0.83
2003,11,15.75,9.855,0.174327979684543,-3.32,-0.32,0.52
2003,12,0,4.1,-1.11374583761708,-3.62,0.92,0.33
2003,2,35.57,7.4,1.77538090360971,0.27,-0.9,1.75
2003,3,3.56,10.3,-0.443370594157569,0.86,-0.91,1.51
2003,4,7.11,14.525,0.0761208765940451,0.59,-0.48,1.18
2003,5,0,20.7,-1.88672225696834,-0.11,-0.85,0.89
2003,6,8.38,24.291,-0.268188142357271,0.21,-1.75,0.68
2003,7,13.21,27.788,-1.70853585886029,-1.73,0.26,0.96
2003,8,25.91,26.486,-1.15352824060342,-2.62,-0.35,0.88
2003,9,8.88,22.886,-1.32075287244434,0,-0.18,0.01
2004,1,7.61,4.864,-0.435309629752632,-3.59,-1.31,0.43
2004,10,25.91,16.408,-0.00116062354806752,1.41,-0.42,-0.11
2004,11,43.94,8.632,1.70639602709978,3.04,-1.06,-0.63
2004,12,17.02,4.243,0.328738654878961,2.81,-0.94,-0.17
2004,2,2.03,5.036,-0.153611642102029,-3.63,0.77,0.48
2004,3,27.43,12.97,0.547368100837485,-3.18,-0.11,0.61
2004,4,60.19,15.858,2.57713965715377,-0.74,-1.91,0.57
2004,5,0,20.4,-1.6734648262751,-1.08,1.22,0.88
2004,6,53.08,24.3,1.48123139011509,0.28,-1.91,0.04
2004,7,55.13,26.233,0.37892442724614,-0.27,-0.72,0.44
2004,8,62.49,23.653,0.835677098692708,0.89,-0.9,0.85
2004,9,49.77,20.441,0.889244624491113,0,-0.31,0.75
2005,1,31.5,7.1,1.0612851706014,3.08,0.2,0.44
2005,10,36.58,15.9,0.648197146095852,2.09,1.12,-1.32
2005,11,0,9.327,-1.15603844095181,0.98,-0.42,-1.5
2005,12,0,5.132,-1.41578176524078,-0.61,0.01,0.2
2005,2,53.33,8.48,2.28502292641297,4.77,-2.99,0.81
2005,3,5.08,10.026,-0.158167918241783,4.82,-0.26,1.36
2005,4,9.65,14.525,0.305467672898045,5.06,-1.22,1.03
2005,5,29.72,19.9,0.817286010513549,5.55,-1.46,1.86
2005,6,0,24.5,-0.869841692174505,4.58,0.11,1.17
2005,7,24.12,27.8,-1.26779877027857,2.8,0.06,0.66
2005,8,29.72,25.153,-0.551413849716358,2.05,-0.97,0.25
2005,9,25.14,23.5,-0.842902366179269,0,0.34,-0.46
2006,1,0.76,5.059,-1.29318054470047,-1.99,1.29,1.03
2006,10,89.9,15.185,2.08526481849717,6.59,-1.52,-0.05
2006,11,3.56,10.355,-1.20760608887126,5.73,0.05,-0.22
2006,12,6.6,3.743,-0.372045277832792,4.81,-0.39,0.14
2006,2,1.27,7.536,-1.11483539475082,-2.72,-0.12,0.66
2006,3,0,11.47,-1.40998440440336,-3.3,1.32,0.05
2006,4,2.79,16.803,-1.6936059620068,-3.49,1.17,0.4
2006,5,20.57,21.598,-0.770961492750919,-3.6,-0.96,0.48
2006,6,9.91,26.264,-1.2612564180014,-3.62,-0.98,1.04
2006,7,27.94,27.233,-0.895684052528332,-3.33,-0.9,0.35
2006,8,164.08,24.43,2.21886683679058,2.93,-1.75,-0.65
2006,9,85.08,19.469,1.84361318653985,0,-0.6,-0.94
2007,1,12.95,3.337,0.44516431471775,5.49,-0.83,0.01
2007,10,1.52,16.296,-1.51905015934349,1.49,0.44,-1.45
2007,11,19.3,10.577,0.226249553534237,0.78,0.82,-1.08
2007,12,9.4,4.993,-0.390080229676642,0.8,1.49,-0.58
2007,2,9.91,7.258,0.00828767190129561,4.87,-0.38,0.04
2007,3,1.78,11.248,-1.10911934546066,4.35,-0.3,-0.36
2007,4,0,14.247,-0.44116795279184,4.57,-0.35,0.16
2007,5,45.97,19.875,1.52400332054447,5.77,-0.3,-0.1
2007,6,13.46,24.43,-0.059601403170005,5.14,0.14,0.09
2007,7,65.27,25.899,0.736526014721545,4.79,-0.44,0.78
2007,8,60.96,25.875,0.277948985740661,4,0.01,0.5
2007,9,37.85,22.747,-0.0950850603346251,0,0.12,-0.36
2008,1,2.79,3.725,-0.666712744972631,0.12,1.54,-1
2008,10,8.89,14.352,-0.309474285668693,3.97,1.52,-1.76
2008,11,7.62,8.299,-0.0161820064483825,3.28,1.64,-1.25
2008,12,7.36,6.604,-1.04789299046866,2.43,1.43,-0.87
2008,2,0,7.202,-1.13994064427798,-0.72,2.05,-0.77
2008,3,0,10.748,-1.03985420269008,-2.01,1.04,-0.71
2008,4,0,13.692,-0.125925597805613,-2.53,0.56,-1.52
2008,5,7.11,19.209,-0.297141838959875,-2.86,-0.25,-1.37
2008,6,0.25,25.569,-1.46368577830541,-3.28,0.34,-1.34
2008,7,180.07,25.177,2.41799712212141,3.61,0.2,-1.67
2008,8,35.82,24.708,-0.194900823947073,4.06,0.64,-1.7
2008,9,60.96,20.163,1.24105587125295,0,1.26,-1.55
2009,1,2.55,4.4,-0.877906722646484,1.2,0.85,-1.4
2009,10,19.05,14.519,0.199510619356053,-1.35,-1.66,0.27
2009,11,0,8.521,-0.824299504808019,-0.59,-0.67,-0.4
2009,12,29.47,2.938,1.08121238305955,0.86,-0.95,0.08
2009,2,0,6.1,-0.728301151933937,-0.5,1.37,-1.55
2009,3,0.5,11.359,-1.30048685236584,-1.95,-0.21,-1.59
2009,4,0,14.414,-0.538434843683438,-2.63,1.06,-1.65
2009,5,20.58,21.653,-0.808165797115789,-1.85,-0.86,-0.88
2009,6,6.61,24.069,-0.256297647358913,-1.64,-0.45,-0.31
2009,7,46.22,27.649,-0.362105045760633,-1.24,0.18,-0.53
2009,8,11.94,25.153,-1.2297986336267,-1.76,-0.59,0.09
2009,9,41.92,21.108,0.493903986896025,0,0.35,0.52
2010,1,13.46,3.114,0.526368674064535,2.23,-1.13,0.83
2010,10,8.89,15.796,-0.813306316421823,2.16,1.8,-1.06
2010,11,0,6.938,-0.287458678926303,1.13,1.62,-0.82
2010,12,1.52,6.632,-1.77846005451058,-0.25,2.9,-1.21
2010,2,14.48,5.702,0.848567113407312,2.84,-1.59,0.82
2010,3,2.54,8.637,0.192074801833322,3.01,-1.4,0.44
2010,4,6.1,14.692,-0.11316702245652,3.33,1.88,0.78
2010,5,0,16.681,0.524078847216497,3.14,0.85,0.62
2010,6,2.54,24.18,-0.545711340827908,2.86,0.24,-0.22
2010,7,64.01,25.927,0.698432517123891,3.97,1.95,-1.05
2010,8,33.03,25.819,-0.649426045447574,3.68,1.77,-1.27
2010,9,18.8,23.1,-0.979225337650719,0,2.44,-1.61
2011,1,0,2.864,-0.782352569287267,-1.19,2.01,-0.92
2011,10,3.56,15.574,-1.08503964721243,-4.35,0.91,-1.34
2011,11,8.13,7.743,0.180016119440502,-4.01,1.41,-2.33
2011,12,52.32,1.882,1.76718723193835,-2.1,2.45,-1.79
2011,2,2.54,4.314,0.0914170588242515,-1.67,2.12,-0.83
2011,3,0,11.082,-1.20993448277014,-2.86,2.09,-0.69
2011,4,0,15.803,-1.35946718755581,-3.2,3.02,-0.42
2011,5,0,17.709,0.027534672859097,-3.43,0.46,-0.37
2011,6,4.57,25.569,-1.1903647974326,-3.67,-0.04,-0.69
2011,7,22.85,28.122,-1.44860536280809,-3.59,1.11,-1.86
2011,8,67.57,26.597,0.278985920652678,-3.89,0.07,-1.74
2011,9,12.7,22.886,-1.16414523730514,0,1.14,-1.79
2012,1,10.17,5.587,-0.370386330772012,-1.76,0.9,-1.38
2012,10,0,15.873,-1.4524204119436,-3.36,0.17,-0.79
2012,11,0.76,9.046,-0.950358948586589,-3.71,0.33,-0.59
2012,12,9.15,3.776,-0.161927980349682,-3.69,-0.77,-0.48
2012,2,1.52,6.98,-0.864027759426659,-1.71,0.22,-0.85
2012,3,1.78,9.97,-0.468788072010512,-1.59,0.2,-1.05
2012,4,0,15.469,-1.1625082701139,-1.54,-0.65,-0.27
2012,5,11.43,19.653,-0.234811588616555,-0.34,-0.38,-1.26
2012,6,0,24.87,-1.07601791438764,-1.03,-1.51,-0.87
2012,7,29.97,26.194,-0.438555374976077,-1.72,-0.15,-1.52
2012,8,15.49,26.564,-1.59592473245463,-2.8,-0.74,-1.93
2012,9,18.54,21.138,-0.393816678669676,0,0.22,-2.21
2013,1,4.06,1.294,-0.0672780179770075,-3.47,-0.1,-0.13
2013,10,0.51,13.641975308642,-0.590693856507515,0.91,-0.34,-0.87
2013,11,0.25,8.72427983539095,-0.876637520744641,0.55,0.75,-0.11
2013,12,5.33,2.98076923076923,-0.345605685782615,0.13,-0.05,-0.41
2013,2,0.25,3.71,-0.00738588137074018,-3.42,-0.47,-0.43
2013,3,0,10.4,-0.865314980186645,-3.77,1.06,-0.63
2013,4,0,14.46,-0.56536743178541,-3.89,0.01,-0.16
2013,5,1.02,19.235,-0.799887762267966,-3.95,0.9,0.08
2013,6,1.02,26.904,-2.23878430301304,-4.13,1.45,-0.78
2013,7,76.72,26.574,0.856135862074371,-2.29,0.76,-1.25
2013,8,64.76,24.774,0.653833704320359,-2.01,-0.23,-1.04
2013,9,73.16,21.603,1.28790629633893,0,0.41,-0.48
2014,1,0,2.51984126984127,-0.709145873227896,-0.81,1.19,0.3
2014,10,14.99,18.1481481481481,-1.35497940284341,2.43,-0.86,1.49
2014,11,10.41,10.5193236714976,-0.53460208968989,2.13,-0.96,1.72
2014,12,3.81,7.98387096774194,-2.08913817990059,1.47,-0.66,2.51
2014,2,0,8.02579365079365,-1.48113205390265,-2.31,-0.32,0.38
2014,3,8.63,9.31992337164751,0.473481173401061,-2.63,-1.7,0.97
2014,4,0,12.6340996168582,0.421939551935211,-2.8,0.81,1.13
2014,5,0,16.3518518518519,0.661822463451101,-2.98,0.72,1.8
2014,6,1.27,25.2586206896552,-1.21825027648296,-3.45,-0.46,0.82
2014,7,48,26.7337164750958,0.00854459090745894,-3.26,-0.26,0.7
2014,8,56.88,24.6130952380952,0.482739511994143,-1.81,-1.42,0.67
2014,9,63.5,24.6895424836601,0.306466798312356,0,-0.66,1.08
2015,1,41.65,5.93869731800766,1.75124682938573,2.36,-0.87,2.45
2015,10,40.64,16.6570881226054,0.633445825860209,2.29,-1.91,1.47
2015,11,5.59,9.34523809523809,-0.557234318227608,2.47,-0.63,0.86
2015,12,6.86,4.35515873015873,-0.475530062289666,2.59,-1,1.01
2015,2,12.44,16.8865740740741,NA,1.88,-0.04,2.3
2015,3,9.39,16.4646464646465,-3.33438670577945,1.63,-1.4,2
2015,4,4.32,13.8647342995169,0.181177859752974,1.62,-0.27,1.44
2015,5,42.17,17.712962962963,1.91837789568182,2.06,-1.04,1.2
2015,6,2.03,25.462962962963,-1.28861551217923,1.63,-1.72,1.54
2015,7,107.71,26.359126984127,1.49145715382291,3.49,-1.41,1.84
2015,8,38.1,26.6308243727599,-0.736275268733521,2.33,-2.15,1.56
2015,9,2.03,23.3035714285714,-1.7258004441103,0,-1.65,1.94
2016,1,7.11,3.12037037037037,-0.0595041916802713,2.48,-2.12,1.53
2016,10,0,17.741935483871,-2.29635680341924,0.19,-0.66,0.56
2016,11,3.81,10.0720164609054,-1.04871532818504,-0.18,-0.23,1.88
2016,12,28.2,6.43849206349206,0.633189358490523,0.29,0.19,1.17
2016,2,1.78,7.02107279693487,-0.847727676569327,1.86,-2.09,1.75
2016,3,0,11.4516129032258,-1.40045206013492,0.7,-0.75,2.4
2016,4,6.6,13.7685185185185,0.431773784647658,0.56,-2.61,2.62
2016,5,8.38,18.8683127572016,-0.00464043214456443,0.77,0.22,2.35
2016,6,5.59,25.823754789272,-1.27454661741528,0.22,0.44,2.03
2016,7,1.02,27.9032258064516,-2.2803198202866,-1.93,0.45,1.25
2016,8,27.69,24.7222222222222,-0.486529198137229,-0.26,0.4,0.52
2016,9,44.45,22.0555555555556,0.343064550895073,0,1.28,0.45
2017,1,42.67,6.0632183908046,1.77715534098286,2.69,0.08,0.77
2017,10,14.986,17.1759259259259,-0.946593240977705,2.14,0.75,0.05
2017,11,8.89,12.8156565656566,-1.86576837361218,1.2,0.94,0.15
2017,12,3.81,4.80555555555556,-0.885567616574202,0.13,-0.27,0.5
2017,2,14.99,9.25595238095238,-0.183733585122551,2.65,-0.33,0.7
2017,3,0.76,13.0648148148148,-2.179310187941,2.24,0.41,0.74
2017,4,3.56,14.962962962963,-0.517239966202857,2.05,-0.75,1.12
2017,5,8.38,18.5823754789272,0.150768806148548,1.97,0.23,0.88
2017,6,36.32,25.1222222222222,0.709801887355521,1.96,-1.39,0.79
2017,7,56.66,26.9753086419753,0.210129175333451,2.73,0.85,0.1
2017,8,109.47,24.8888888888889,1.5225258974937,3.61,0.17,0.09
2017,9,19.56,21.6287878787879,-0.496956389260346,0,0.62,0.32
2018,1,1.27,2.96626984126984,-0.658926951048735,-1.05,0.86,0.7
2018,10,81.534,15.5654761904762,1.91264989699393,1.67,0.32,0.26
2018,11,0,7.86616161616162,-0.584612800950992,1.45,0.03,-0.05
2018,12,19.558,4.73251028806584,0.412126626153082,1.91,0.98,0.52
2018,2,34.798,8.76157407407407,1.52021443122984,-0.68,-0.73,0.37
2018,3,1.778,9.64444444444444,-0.31597221069991,-1.36,0.91,-0.05
2018,4,0,15.9053497942387,-1.41951139505055,-2.12,0.58,0.11
2018,5,0.254,20.0892857142857,-1.43544083527452,-2.64,0.43,0.11
2018,6,41.402,26.5134099616858,0.37415955448014,-2.2,-0.84,-0.04
2018,7,45.212,27.0519713261649,-0.190452853944607,-1.05,0.11,0.11
2018,8,40.64,25.9053497942387,-0.400033241452649,-1.98,-0.87,0.18
2018,9,18.796,22.3444444444444,-0.745058632393618,0,-0.93,0.09
2019,1,3.048,4.06130268199234,-0.725449558753997,1.41,-0.16,0.66
2019,10,68.072,14.77969348659,1.74173594928874,-1.07,-0.68,-0.45
2019,11,53.848,8.32222222222222,1.97583086532047,1.41,-0.91,0.15
2019,12,8.636,4.30555555555556,-0.306776019042952,1.52,-0.56,0.97
2019,2,0,5.5982905982906,-0.559184454071088,0.83,-1.43,0.46
2019,3,19.304,11.7283950617284,0.406244845294225,0.61,-1.03,0.37
2019,4,5.08,14.9233716475096,-0.346347174755289,0.6,-0.03,1.07
2019,5,2.032,17.3444444444444,0.349231658717629,0.16,-0.78,1.03
2019,6,39.878,23.8888888888889,1.21769991090484,1.53,-1.46,1.09
2019,7,18.288,27.6388888888889,-1.43915788921584,0.01,-0.7,1.03
2019,8,41.91,27.2325102880658,-0.802527187707767,-1.07,-0.7,0.38
2019,9,17.018,23.2888888888889,-1.11193599640682,0,-1.26,0.41
2020,1,2.032,4.44444444444444,-0.951699018775288,1.17,0.06,-0.23
2020,10,19.558,15.4259259259259,-0.0393477352235214,-1.29,0.27,-0.69
2020,2,21.336,6.25,1.21641579137585,2.01,-0.27,-0.68
2020,3,38.354,11.6452991452991,1.69705655374346,4.06,-0.75,-0.82
2020,4,0,15.1587301587302,-0.978578543117926,4.3,-0.01,-0.57
2020,5,0.508,20.1574074074074,-1.46067940798871,3.85,0.71,0.09
2020,6,8.636,24.7705314009662,-0.500018024754957,3.42,-1.45,-0.08
2020,7,70.612,28.6728395061728,0.1200338903924,2.94,0.37,-0.38
2020,8,16.51,27.1444444444444,-1.77228300673023,0.77,0.92,-0.28
2020,9,25.146,21.5277777777778,-0.241254261366031,0,0.98,-0.7
