"quadrat","project_year","grass_cover"
"A1",1916,0.05676588
"A1",1917,0.03209433
"A1",1918,0.00834676
"A1",1919,0.01054655
"A1",1920,0.02189775
"A1",1921,0.03665475
"A1",1922,0.01596483
"A1",1923,0.01788913
"A1",1924,0.02765395
"A1",1925,0.010392
"A1",1926,0.02318993
"A1",1927,0.03965295
"A1",1928,0.04628337
"A1",1929,0.0895681
"A1",1930,0.076337
"A1",1931,0.06303447
"A1",1932,0.06668842
"A1",1933,0.07576972
"A1",1934,0.02404311
"A1",1935,0.0048105
"A1",1936,0.0140898
"A1",1937,0.0178169
"A1",1938,0.017071
"A1",1939,0.0254245
"A1",1940,0.0396305
"A1",1941,0.05210455
"A1",1942,0.0499825
"A1",1943,0.040624
"A1",1944,0.0505365
"A1",1945,0.063048
"A1",1946,0.061066
"A1",1947,0.0697434
"A1",1948,0.06407705
"A1",1949,0.0584107
"A1",1950,0.05157935
"A1",1951,0.05948325
"A1",1952,0.0017765
"A1",1953,0.00383
"A1",1954,0.0058835
"A1",1955,0.007937
"A1",1956,0.0099905
"A1",1957,0.004221
"A1",1958,0
"A1",1959,0
"A1",1960,0
"A1",1961,0
"A1",1962,0.0036824575
"A1",1963,0.007364915
"A1",1964,0.0110473725
"A1",1965,0.01472983
"A1",1966,0.01039177
"A1",1967,0.00572701
"A1",1968,0.00106225
"A1",1969,0.000561
"A1",1970,0.0002805
"A1",1971,0
"A1",1972,0.0052826
"A1",1973,0.0550266
"A1",1974,0.0112683
"A1",1975,0.02773196
"A1",1976,0.01723643
"A1",1977,0.001326
"A1",1978,0.001326
"A1",1979,0.001326
"A1",1995,0.00010645985094
"A1",2001,0.001750822785652
"A1",2006,0.061868194931944
"A1",2011,0.019348889982304
"A1",2016,0.026049739991524
"A2",1916,0.04978144
"A2",1917,0.04127417
"A2",1918,0.00612012
"A2",1919,0.00366301
"A2",1920,0.01265111
"A2",1921,0.02867607
"A2",1922,0.00937843
"A2",1923,0.00640387
"A2",1924,0.0054012
"A2",1925,0.00285015
"A2",1926,0.01017766
"A2",1927,0.02353012
"A2",1928,0.04015495
"A2",1929,0.05928757
"A2",1930,0.06583628
"A2",1931,0.0613596
"A2",1932,0.06509276
"A2",1933,0.06326347
"A2",1934,0.01617829
"A2",1935,0.00068115
"A2",1936,0.00199222
"A2",1937,0.0005803
"A2",1938,0.0024785
"A2",1939,0.0077205
"A2",1940,0.01068371
"A2",1941,0.01144147
"A2",1942,0.02573795
"A2",1943,0.0385001
"A2",1944,0.0616759
"A2",1945,0.0827499
"A2",1946,0.08080958
"A2",1947,0.07783318
"A2",1948,0.066264825
"A2",1949,0.05469647
"A2",1950,0.05067858
"A2",1951,0.04110079
"A2",1952,0.0021815
"A2",1953,0.00270545
"A2",1954,0.0032294
"A2",1955,0.00375335
"A2",1956,0.0042773
"A2",1957,0
"A2",1958,0
"A2",1959,0
"A2",1960,0
"A2",1961,0.0032915
"A2",1962,0.010726525
"A2",1963,0.01816155
"A2",1964,0.025596575
"A2",1965,0.0330316
"A2",1966,0.03263295
"A2",1967,0.019297285
"A2",1968,0.00596162
"A2",1969,0.0176102766666667
"A2",1970,0.0292589333333333
"A2",1971,0.04090759
"A2",1972,0.023988
"A2",1973,0.011994
"A2",1974,0
"A2",1975,0.00784215
"A2",1976,0.0156843
"A2",1977,0.0156843
"A2",1978,0.0156843
"A2",1979,0.0156843
"A2",1995,8.4018170646e-05
"A2",2001,0
"A2",2006,0.570100920272639
"A2",2011,0.018191950027956
"A2",2016,0.008172394962842
"A3",1916,0.02282175
"A3",1917,0.008183
"A3",1918,0.001516
"A3",1919,0.000717
"A3",1920,0.00116175
"A3",1921,0.0013835
"A3",1922,0.000922333333333333
"A3",1923,0.000461166666666667
"A3",1924,0
"A3",1925,0.0011625
"A3",1926,0.00396445
"A3",1927,0.006189
"A3",1928,0.0140869
"A3",1929,0.0158629
"A3",1930,0.00755155
"A3",1931,0.00824535
"A3",1932,0.0154378
"A3",1933,0.01227645
"A3",1934,0.00395929
"A3",1935,0.00071269
"A3",1936,0.00145475
"A3",1937,0.00344415
"A3",1938,0.0137065
"A3",1939,0.0112095
"A3",1940,0.010896
"A3",1941,0.01180415
"A3",1942,0.025069
"A3",1943,0.0249027
"A3",1944,0.03685562
"A3",1945,0.0416785
"A3",1946,0.0564935
"A3",1947,0.0472671
"A3",1948,0.026193925
"A3",1949,0.00512075
"A3",1950,0.003835
"A3",1951,0
"A3",1952,0
"A3",1953,0
"A3",1954,0
"A3",1955,0
"A3",1956,0
"A3",1957,0
"A3",1958,0
"A3",1959,0
"A3",1960,0
"A3",1961,0
"A3",1962,0
"A3",1963,0
"A3",1964,0
"A3",1965,0
"A3",1966,0
"A3",1967,0
"A3",1968,0
"A3",1969,0.0005625
"A3",1970,0.006002
"A3",1971,0.004583
"A3",1972,0.0265385
"A3",1973,0.0179135
"A3",1974,0.0092885
"A3",1975,0.024943
"A3",1976,0.0154665
"A3",1977,0.02230375
"A3",1978,0.02230375
"A3",1979,0.02230375
"A3",1995,0
"A3",2001,0
"A3",2006,0.004258985009195
"A3",2011,0.03591999500769
"A3",2016,0.001440274956859
"A4",1916,0.02640107
"A4",1917,0.0202531
"A4",1918,0.0076624
"A4",1919,0.01278922
"A4",1920,0.0316852
"A4",1921,0.03958846
"A4",1922,0.01312576
"A4",1923,0.00771672
"A4",1924,0.0115887
"A4",1925,0.01000815
"A4",1926,0.0201116
"A4",1927,0.0230137
"A4",1928,0.03756685
"A4",1929,0.06403811
"A4",1930,0.05233772
"A4",1931,0.06651753
"A4",1932,0.07845311
"A4",1933,0.08480775
"A4",1934,0.0300666
"A4",1935,0.01026275
"A4",1936,0.0205813
"A4",1937,0.0625325
"A4",1938,0.05412329
"A4",1939,0.07165807
"A4",1940,0.10552195
"A4",1941,0.08634195
"A4",1942,0.11459674
"A4",1943,0.119791
"A4",1944,0.13199522
"A4",1945,0.183059
"A4",1946,0.14973831
"A4",1947,0.10569182
"A4",1948,0.13222498
"A4",1949,0.15875814
"A4",1950,0.077628
"A4",1951,0.057842
"A4",1952,0.009409
"A4",1953,0.014394375
"A4",1954,0.01937975
"A4",1955,0.024365125
"A4",1956,0.0293505
"A4",1957,0.0329355
"A4",1958,0.06499166
"A4",1959,0.07634755
"A4",1960,0.0701315
"A4",1961,0.0629005
"A4",1962,0.06238175
"A4",1963,0.061863
"A4",1964,0.06134425
"A4",1965,0.0608255
"A4",1966,0.06543046
"A4",1967,0.074626105
"A4",1968,0.08382175
"A4",1969,0.03370355
"A4",1970,0.05979625
"A4",1971,0.039983
"A4",1972,0.0203343
"A4",1973,0.0501849
"A4",1974,0.0800355
"A4",1975,0.13338634
"A4",1976,0.106336295
"A4",1977,0.07928625
"A4",1978,0.07928625
"A4",1979,0.07928625
"A4",1995,0.00028555001154
"A4",2001,0
"A4",2006,0.012793154940835
"A4",2011,0.031753234997903
"A4",2016,1e-04
"A5",1916,0.05199096
"A5",1917,0.0496096
"A5",1918,0.02160575
"A5",1919,0.00947775
"A5",1920,0.02581875
"A5",1921,0.036126
"A5",1922,0.01275954
"A5",1923,0.0185995
"A5",1924,0.018245
"A5",1925,0.0133238
"A5",1926,0.02758715
"A5",1927,0.05543588
"A5",1928,0.0659505
"A5",1929,0.10234085
"A5",1930,0.08961275
"A5",1931,0.08232063
"A5",1932,0.1134774
"A5",1933,0.12954948
"A5",1934,0.06099977
"A5",1935,0.01971301
"A5",1936,0.03107425
"A5",1937,0.08381092
"A5",1938,0.11567765
"A5",1939,0.11269817
"A5",1940,0.15373984
"A5",1941,0.14567935
"A5",1942,0.15904319
"A5",1943,0.1252662
"A5",1944,0.14735281
"A5",1945,0.1217965
"A5",1946,0.085888
"A5",1947,0.061552
"A5",1948,0.0605815
"A5",1949,0.059611
"A5",1950,0.060414
"A5",1951,0.0396405
"A5",1952,0.0226324
"A5",1953,0.018004425
"A5",1954,0.01337645
"A5",1955,0.008748475
"A5",1956,0.0041205
"A5",1957,0.0029465
"A5",1958,0.01260667
"A5",1959,0.0017935
"A5",1960,0
"A5",1961,0
"A5",1962,0.0035762125
"A5",1963,0.007152425
"A5",1964,0.0107286375
"A5",1965,0.01430485
"A5",1966,0.00491211
"A5",1967,0.002506055
"A5",1968,1e-04
"A5",1969,0.000505
"A5",1970,0.00091
"A5",1971,0.001315
"A5",1972,0.006704
"A5",1973,0.033821475
"A5",1974,0.06093895
"A5",1975,0.0556965
"A5",1976,0.04531595
"A5",1977,0.0124895
"A5",1978,0.0124895
"A5",1979,0.0124895
"A5",1995,0.000414399381953
"A5",2001,0
"A5",2006,0.008072335033595
"A5",2011,0.047126840035798
"A5",2016,0.022255220009834
"B1",1916,0.07322
"B1",1917,0.0139555
"B1",1918,0.0239255
"B1",1919,0.0248095
"B1",1920,0.0366827
"B1",1921,0.04579529
"B1",1922,0.0291344
"B1",1923,0.0256445
"B1",1924,0.0320165
"B1",1925,0.02391375
"B1",1926,0.06032845
"B1",1927,0.08343302
"B1",1928,0.10281965
"B1",1929,0.14088165
"B1",1930,0.14808412
"B1",1931,0.12457639
"B1",1932,0.16451909
"B1",1933,0.1300366
"B1",1934,0.16107355
"B1",1935,0.0627119
"B1",1936,0.08344005
"B1",1937,0.09275137
"B1",1938,0.15879613
"B1",1939,0.10067415
"B1",1940,0.10175216
"B1",1941,0.11242786
"B1",1942,0.1248402
"B1",1943,0.08883665
"B1",1944,0.11229895
"B1",1945,0.12102465
"B1",1946,0.12337511
"B1",1947,0.0962783
"B1",1948,0.088409385
"B1",1949,0.08054047
"B1",1950,0.0614515
"B1",1951,0.0219975
"B1",1952,0.007599
"B1",1953,0.007635
"B1",1954,0.007671
"B1",1955,0.007707
"B1",1956,0.007743
"B1",1957,0.007356
"B1",1958,0.01557149
"B1",1959,0.016471
"B1",1960,0.01032111
"B1",1961,0.021785
"B1",1962,0.023988
"B1",1963,0.026191
"B1",1964,0.028394
"B1",1965,0.030597
"B1",1966,0.04439955
"B1",1967,0.0336969
"B1",1968,0.02299425
"B1",1969,0.0124355
"B1",1970,0.0123549
"B1",1971,0.03014264
"B1",1972,0.01011
"B1",1973,0.03017
"B1",1974,0.0420921
"B1",1975,0.06318135
"B1",1976,0.0584465
"B1",1977,0.07044595
"B1",1978,0.07044595
"B1",1979,0.07044595
"B1",1995,0.056415823412863
"B1",2001,0.065080754986182
"B1",2006,0.037802444992717
"B1",2011,0.10500945509356
"B1",2016,0.046815594999125
"B2",1916,0.050265
"B2",1917,0.047042
"B2",1918,0.0435938
"B2",1919,0.042973
"B2",1920,0.06429348
"B2",1921,0.07176502
"B2",1922,0.0426535
"B2",1923,0.05303775
"B2",1924,0.0462855
"B2",1925,0.02870345
"B2",1926,0.05378635
"B2",1927,0.09917095
"B2",1928,0.1098387
"B2",1929,0.17357586
"B2",1930,0.17171384
"B2",1931,0.1502972
"B2",1932,0.1848354
"B2",1933,0.13932949
"B2",1934,0.0979369
"B2",1935,0.0751323
"B2",1936,0.0982657
"B2",1937,0.109929
"B2",1938,0.1312119
"B2",1939,0.0881739
"B2",1940,0.09027469
"B2",1941,0.09447066
"B2",1942,0.12628485
"B2",1943,0.08493718
"B2",1944,0.1247107
"B2",1945,0.13657512
"B2",1946,0.1212078
"B2",1947,0.11802665
"B2",1948,0.087520275
"B2",1949,0.0570139
"B2",1950,0.044838
"B2",1951,0.0082095
"B2",1952,0.0004415
"B2",1953,0.001472875
"B2",1954,0.00250425
"B2",1955,0.003535625
"B2",1956,0.004567
"B2",1957,0
"B2",1958,0
"B2",1959,0.0017075
"B2",1960,0.002792
"B2",1961,0.0320715
"B2",1962,0.043302875
"B2",1963,0.05453425
"B2",1964,0.065765625
"B2",1965,0.076997
"B2",1966,0.02369734
"B2",1967,0.01947217
"B2",1968,0.015247
"B2",1969,0.002771
"B2",1970,0.00467461
"B2",1971,0.00962062
"B2",1972,0.0097367
"B2",1973,0.0118255
"B2",1974,0.0213955
"B2",1975,0.0442725
"B2",1976,0.01768705
"B2",1977,0.028323
"B2",1978,0.028323
"B2",1979,0.028323
"B2",1995,0.02459612409649
"B2",2001,0.00625035504163
"B2",2006,0.002052865000231
"B2",2011,0.039723069978478
"B2",2016,0.035921909977575
"B3",1916,0.083216
"B3",1917,0.040209
"B3",1918,0.0448985
"B3",1919,0.028594
"B3",1920,0.0491805
"B3",1921,0.04679025
"B3",1922,0.016855
"B3",1923,0.0162535
"B3",1924,0.0153925
"B3",1925,0.0114455
"B3",1926,0.01869247
"B3",1927,0.046122
"B3",1928,0.03710737
"B3",1929,0.0729627
"B3",1930,0.08446204
"B3",1931,0.09186344
"B3",1932,0.1008652
"B3",1933,0.06337095
"B3",1934,0.05706599
"B3",1935,0.0335751
"B3",1936,0.032017
"B3",1937,0.04019259
"B3",1938,0.03518755
"B3",1939,0.0379922
"B3",1940,0.046037
"B3",1941,0.0451879
"B3",1942,0.05411211
"B3",1943,0.0783292
"B3",1944,0.0993532
"B3",1945,0.08524451
"B3",1946,0.07392175
"B3",1947,0.05823824
"B3",1948,0.05155792
"B3",1949,0.0448776
"B3",1950,0.019165
"B3",1951,0.012315
"B3",1952,0.000565
"B3",1953,0.00088125
"B3",1954,0.0011975
"B3",1955,0.00151375
"B3",1956,0.00183
"B3",1957,0.00231155
"B3",1958,0.00174078
"B3",1959,0.00855337
"B3",1960,0.005671
"B3",1961,0.0288115
"B3",1962,0.043055625
"B3",1963,0.05729975
"B3",1964,0.071543875
"B3",1965,0.085788
"B3",1966,0.08353899
"B3",1967,0.053053595
"B3",1968,0.0225682
"B3",1969,0.038214
"B3",1970,0.06689688
"B3",1971,0.035705
"B3",1972,0.0072505
"B3",1973,0.03091305
"B3",1974,0.051177
"B3",1975,0.0111985
"B3",1976,0.01793095
"B3",1977,0.02439632
"B3",1978,0.02439632
"B3",1979,0.02439632
"B3",1995,0.104531412516736
"B3",2001,0.033026500554117
"B3",2006,0.022346245024261
"B3",2011,0.019929770026031
"B3",2016,0.010146144980827
"B4",1916,0.03285185
"B4",1917,0.0240685
"B4",1918,0.0213155
"B4",1919,0.023699
"B4",1920,0.04005015
"B4",1921,0.03761818
"B4",1922,0.0086945
"B4",1923,0.0077747
"B4",1924,0.0138832
"B4",1925,0.0146675
"B4",1926,0.01932924
"B4",1927,0.03189609
"B4",1928,0.04161029
"B4",1929,0.0680191
"B4",1930,0.06624234
"B4",1931,0.06212285
"B4",1932,0.07541535
"B4",1933,0.0552753
"B4",1934,0.04472189
"B4",1935,0.0377565
"B4",1936,0.0617239
"B4",1937,0.0941127
"B4",1938,0.08389905
"B4",1939,0.0698773
"B4",1940,0.061299
"B4",1941,0.03901468
"B4",1942,0.05608871
"B4",1943,0.04241411
"B4",1944,0.05186175
"B4",1945,0.0794544
"B4",1946,0.068866
"B4",1947,0.0785875
"B4",1948,0.08019994
"B4",1949,0.08181238
"B4",1950,0.02591525
"B4",1951,0.00964
"B4",1952,0.006449
"B4",1953,0.012005875
"B4",1954,0.01756275
"B4",1955,0.023119625
"B4",1956,0.0286765
"B4",1957,0.031328225
"B4",1958,0.03397995
"B4",1959,0.0255535
"B4",1960,0.045605
"B4",1961,0.065903
"B4",1962,0.078104125
"B4",1963,0.09030525
"B4",1964,0.102506375
"B4",1965,0.1147075
"B4",1966,0.0882895
"B4",1967,0.0847145
"B4",1968,0.0811395
"B4",1969,0.0291245
"B4",1970,0.04149694
"B4",1971,0.028894245
"B4",1972,0.01629155
"B4",1973,0.050992895
"B4",1974,0.08569424
"B4",1975,0.06459212
"B4",1976,0.04349
"B4",1977,0.0557854
"B4",1978,0.0557854
"B4",1979,0.0557854
"B4",1995,0
"B4",2001,0.006842415790174
"B4",2006,0.002285740009145
"B4",2011,0.017012764983454
"B4",2016,0.002766775017327
"B5",1916,0.0474075
"B5",1917,0.039024
"B5",1918,0.0260504
"B5",1919,0.0211205
"B5",1920,0.03999614
"B5",1921,0.0395025
"B5",1922,0.0189475
"B5",1923,0.0194155
"B5",1924,0.04397275
"B5",1925,0.03860249
"B5",1926,0.04525609
"B5",1927,0.0588204
"B5",1928,0.078802
"B5",1929,0.10486805
"B5",1930,0.11584635
"B5",1931,0.12460286
"B5",1932,0.1566511
"B5",1933,0.09256143
"B5",1934,0.06757145
"B5",1935,0.0314595
"B5",1936,0.044677
"B5",1937,0.05378609
"B5",1938,0.0371925
"B5",1939,0.022341
"B5",1940,0.02540435
"B5",1941,0.0179755
"B5",1942,0.0059445
"B5",1943,0.002378
"B5",1944,0.0011955
"B5",1945,0.0035385
"B5",1946,0.0004645
"B5",1947,0.00659459
"B5",1948,0.004371545
"B5",1949,0.0021485
"B5",1950,0.00021162
"B5",1951,0
"B5",1952,0
"B5",1953,0.0066676
"B5",1954,0.0133352
"B5",1955,0.0200028
"B5",1956,0.0266704
"B5",1957,0.033338
"B5",1958,0.00060003
"B5",1959,0
"B5",1960,0.00284855
"B5",1961,0.0056971
"B5",1962,0.005669575
"B5",1963,0.00564205
"B5",1964,0.005614525
"B5",1965,0.005587
"B5",1966,0.01121
"B5",1967,0.0119485
"B5",1968,0.012687
"B5",1969,0.010715
"B5",1970,0.0339225
"B5",1971,0.004676
"B5",1972,0.0043931
"B5",1973,0.014415
"B5",1974,0.0244369
"B5",1975,0.02257695
"B5",1976,0.020717
"B5",1977,0.0097085
"B5",1978,0.0097085
"B5",1979,0.0097085
"B5",1995,0
"B5",2001,0
"B5",2006,0.00560615498058
"B5",2011,0.014584480035128
"B5",2016,0.007105725011004
"G1",1916,0.02026555
"G1",1917,0.01058353
"G1",1918,0.00150817
"G1",1919,0.00444056
"G1",1920,0.0045185
"G1",1921,0.012987
"G1",1922,0.0009715
"G1",1923,0.012543
"G1",1924,0.0241929
"G1",1925,0.02027283
"G1",1926,0.05915826
"G1",1927,0.09560716
"G1",1928,0.07457164
"G1",1929,0.13537862
"G1",1930,0.08707389
"G1",1931,0.06099094
"G1",1932,0.02205773
"G1",1933,0.043551
"G1",1934,0.02914725
"G1",1935,0.06310612
"G1",1936,0.0610707
"G1",1937,0.0385862
"G1",1938,0.05677415
"G1",1939,0.0521519
"G1",1940,0.06396169
"G1",1941,0.03653375
"G1",1942,0.0170825
"G1",1943,0.013394
"G1",1944,0.01720983
"G1",1945,0.01416526
"G1",1946,0.01784305
"G1",1947,0.0021745
"G1",1948,0.00111225
"G1",1949,5e-05
"G1",1950,0.0009515
"G1",1951,0
"G1",1952,5e-05
"G1",1953,0.00231565
"G1",1954,0
"G1",1955,5e-05
"G1",1956,0
"G1",1957,0
"G1",1958,0.00078675
"G1",1959,0.00025
"G1",1960,0.0064185
"G1",1961,0.0051398
"G1",1962,0.0038611
"G1",1963,0.0025824
"G1",1964,0.0013037
"G1",1965,2.5e-05
"G1",1966,0.000181406666666667
"G1",1967,0.000337813333333333
"G1",1968,0.00049422
"G1",1969,0.00409
"G1",1970,0.055627
"G1",1971,0.04542925
"G1",1972,0.0352315
"G1",1973,0.053437
"G1",1974,0.1227896
"G1",1975,0.04436489
"G1",1976,0.01348665
"G1",1977,0.034657
"G1",1978,0.034657
"G1",1979,0.034657
"G1",1995,0.00307238103048
"G1",2001,0.009740863949345
"G1",2006,0.011650300026688
"G1",2011,2.5e-05
"G1",2016,0.001972894976464
"G2",1916,0.01370055
"G2",1917,0.0052275
"G2",1918,0.003688
"G2",1919,0.0031955
"G2",1920,0.012387
"G2",1921,0.0215525
"G2",1922,0.00420975
"G2",1923,0.0180415
"G2",1924,0.01716735
"G2",1925,0.0156451
"G2",1926,0.06099854
"G2",1927,0.0761848
"G2",1928,0.07938485
"G2",1929,0.08643885
"G2",1930,0.08278114
"G2",1931,0.04785301
"G2",1932,0.01988
"G2",1933,0.0215615
"G2",1934,0.0133512
"G2",1935,0.0200411
"G2",1936,0.02098293
"G2",1937,0.02232109
"G2",1938,0.0225183
"G2",1939,0.0167035
"G2",1940,0.0248944
"G2",1941,0.016701
"G2",1942,0.01345167
"G2",1943,0.03519866
"G2",1944,0.05060741
"G2",1945,0.03826168
"G2",1946,0.05043744
"G2",1947,0.07103484
"G2",1948,0.011724
"G2",1949,0.00932609
"G2",1950,0.0101137
"G2",1951,0.0077212
"G2",1952,0
"G2",1953,0
"G2",1954,0
"G2",1955,0
"G2",1956,0
"G2",1957,0.000175
"G2",1958,0.0004765
"G2",1959,0.0031704
"G2",1960,0.0343315
"G2",1961,0.0284343
"G2",1962,0.0225371
"G2",1963,0.0166399
"G2",1964,0.0107427
"G2",1965,0.0048455
"G2",1966,0.00346356
"G2",1967,0.00208162
"G2",1968,0.00069968
"G2",1969,0.00234526
"G2",1970,0.015027
"G2",1971,0.0223055
"G2",1972,0.0078635
"G2",1973,0.0427595
"G2",1974,0.0736374
"G2",1975,0.1045153
"G2",1976,0.0534009
"G2",1977,0.1182005
"G2",1978,0.1182005
"G2",1979,0.1182005
"G2",1995,0.016607437548824
"G2",2001,1e-04
"G2",2006,0.002588984975863
"G2",2011,0.00350432999111
"G2",2016,2.5e-05
"G3",1916,0.0248406
"G3",1917,0.0066515
"G3",1918,0.0042695
"G3",1919,0.01071475
"G3",1920,0.0264793
"G3",1921,0.019421
"G3",1922,0.00733732
"G3",1923,0.018507
"G3",1924,0.03201628
"G3",1925,0.02824546
"G3",1926,0.06053445
"G3",1927,0.05670411
"G3",1928,0.054345
"G3",1929,0.093271
"G3",1930,0.05850885
"G3",1931,0.06439997
"G3",1932,0.05151181
"G3",1933,0.0525423
"G3",1934,0.0460745
"G3",1935,0.01831965
"G3",1936,0.0239165
"G3",1937,0.021591
"G3",1938,0.037799
"G3",1939,0.021763
"G3",1940,0.0286105
"G3",1941,0.01594175
"G3",1942,0.012453
"G3",1943,0.0038145
"G3",1944,0.007389
"G3",1945,0.0101445
"G3",1946,0.01450675
"G3",1947,0.019726
"G3",1948,0.0062135
"G3",1949,0.0079202
"G3",1950,0.00942792
"G3",1951,0.01663745
"G3",1952,7.5e-05
"G3",1953,5.625e-05
"G3",1954,3.75e-05
"G3",1955,1.875e-05
"G3",1956,0
"G3",1957,0
"G3",1958,0.0173456
"G3",1959,0.01768175
"G3",1960,0.00180425
"G3",1961,0.00170195
"G3",1962,0.00159965
"G3",1963,0.00149735
"G3",1964,0.00139505
"G3",1965,0.00129275
"G3",1966,0.000861833333333333
"G3",1967,0.000430916666666667
"G3",1968,0
"G3",1969,0
"G3",1970,0
"G3",1971,0
"G3",1972,0
"G3",1973,0
"G3",1974,0
"G3",1975,0
"G3",1976,0.01467044
"G3",1977,0.01467044
"G3",1978,0.01467044
"G3",1979,0.01467044
"G3",1995,1e-04
"G3",2001,0
"G3",2006,0.008980719955654
"G3",2011,0
"G3",2016,0
"G4",1916,0.04044296
"G4",1917,0.0250155
"G4",1918,0.01917705
"G4",1919,0.0249435
"G4",1920,0.05029577
"G4",1921,0.0439619
"G4",1922,0.0063825
"G4",1923,0.0154721
"G4",1924,0.0299079
"G4",1925,0.032891
"G4",1926,0.08533376
"G4",1927,0.11645998
"G4",1928,0.12602829
"G4",1929,0.20188985
"G4",1930,0.11516467
"G4",1931,0.08047499
"G4",1932,0.11942051
"G4",1933,0.09356315
"G4",1934,0.04610501
"G4",1935,0.025152
"G4",1936,0.05613805
"G4",1937,0.05203109
"G4",1938,0.08476252
"G4",1939,0.0463134
"G4",1940,0.06755088
"G4",1941,0.05870677
"G4",1942,0.04031174
"G4",1943,0.03913435
"G4",1944,0.05004269
"G4",1945,0.066531
"G4",1946,0.031862
"G4",1947,0.0455745
"G4",1948,0.0191615
"G4",1949,0.0201842
"G4",1950,0.03303045
"G4",1951,0.025401
"G4",1952,0.0022855
"G4",1953,0.001714125
"G4",1954,0.00114275
"G4",1955,0.000571375
"G4",1956,0
"G4",1957,0
"G4",1958,0
"G4",1959,1e-04
"G4",1960,0.00299
"G4",1961,0.002392
"G4",1962,0.001794
"G4",1963,0.001196
"G4",1964,0.000598
"G4",1965,0
"G4",1966,0
"G4",1967,0
"G4",1968,0
"G4",1969,7.5e-05
"G4",1970,3.75e-05
"G4",1971,0
"G4",1972,0.00139126
"G4",1973,0.0038208
"G4",1974,0.00731965
"G4",1975,0.0108185
"G4",1976,0.01746555
"G4",1977,0.0498451
"G4",1978,0.0498451
"G4",1979,0.0498451
"G4",1995,0.007213756979851
"G4",2001,0.004425146370876
"G4",2006,0.005709989946875
"G4",2011,0
"G4",2016,0.002125924992247
"G5",1916,0.0478868
"G5",1917,0.02790235
"G5",1918,0.01712599
"G5",1919,0.0206379
"G5",1920,0.04096989
"G5",1921,0.04938062
"G5",1922,0.0048255
"G5",1923,0.0102835
"G5",1924,0.0143308
"G5",1925,0.00871856
"G5",1926,0.03241955
"G5",1927,0.04176953
"G5",1928,0.06186285
"G5",1929,0.0948794
"G5",1930,0.07015885
"G5",1931,0.08491704
"G5",1932,0.1002768
"G5",1933,0.06307971
"G5",1934,0.04454675
"G5",1935,0.010354
"G5",1936,0.04313985
"G5",1937,0.05042437
"G5",1938,0.0839815
"G5",1939,0.04723953
"G5",1940,0.0126492
"G5",1941,0.00089875
"G5",1942,0.001052
"G5",1943,0.0020295
"G5",1944,0.0029565
"G5",1945,0.00728446
"G5",1946,0.0181815
"G5",1947,0.010285
"G5",1948,0.0059545
"G5",1949,0.0091015
"G5",1950,0.0061615
"G5",1951,0
"G5",1952,0
"G5",1953,0
"G5",1954,0
"G5",1955,0
"G5",1956,0
"G5",1957,0
"G5",1958,0
"G5",1959,7.5e-05
"G5",1960,0
"G5",1961,0
"G5",1962,0
"G5",1963,0
"G5",1964,0
"G5",1965,0
"G5",1966,0
"G5",1967,0
"G5",1968,0
"G5",1969,0
"G5",1970,0
"G5",1971,0
"G5",1972,0
"G5",1973,0
"G5",1974,0
"G5",1975,0.00259235
"G5",1976,0.00283945
"G5",1977,0.005215
"G5",1978,0.005215
"G5",1979,0.005215
"G5",1995,0.00045
"G5",2001,0
"G5",2006,0.00123432498336
"G5",2011,0.004379759981965
"G5",2016,0
"H1",1916,0.03771442
"H1",1917,0.03309347
"H1",1918,0.0085495
"H1",1919,0.01685731
"H1",1920,0.02397069
"H1",1921,0.0244446
"H1",1922,0.00146514
"H1",1923,0.0116275
"H1",1924,0.026868625
"H1",1925,0.04210975
"H1",1926,0.057350875
"H1",1927,0.072592
"H1",1928,0.0416455
"H1",1929,0.03957165
"H1",1930,0.05579845
"H1",1931,0.0446055
"H1",1932,0.0415072
"H1",1933,0.04314461
"H1",1934,0.0375115
"H1",1935,0.0302346
"H1",1936,0.0269294
"H1",1937,0.02614099
"H1",1938,0.04520055
"H1",1939,0.0443487
"H1",1940,0.04640741
"H1",1941,0.03230565
"H1",1942,0.047441
"H1",1943,0.0425776
"H1",1944,0.05932997
"H1",1945,0.0469355
"H1",1946,0.04356894
"H1",1947,0.04273697
"H1",1948,0.03303536
"H1",1949,0.02333375
"H1",1950,0.010358
"H1",1951,0.0040085
"H1",1952,0.0007256
"H1",1953,0.0020307125
"H1",1954,0.003335825
"H1",1955,0.0046409375
"H1",1956,0.00594605
"H1",1957,0.00089635
"H1",1958,0.0004815
"H1",1959,0.0024245
"H1",1960,0.0139095
"H1",1961,0
"H1",1962,0
"H1",1963,5.83333333333333e-05
"H1",1964,0.000116666666666667
"H1",1965,0.000175
"H1",1966,0.0091995
"H1",1967,0.0096555
"H1",1968,0.0063425
"H1",1969,0.0024465
"H1",1970,0.0004316
"H1",1971,0.02113148
"H1",1972,0.0018845
"H1",1973,0.0121235
"H1",1974,0.0088592
"H1",1975,0.0184245
"H1",1976,0.01250015
"H1",1977,0.0205711
"H1",1978,0.02462903
"H1",1979,0.02868696
"H1",1995,0.012497687633766
"H1",2001,0.00522451318011
"H1",2006,0.01842511001639
"H1",2011,0.02127433501199
"H1",2016,0.000387864998527
"H2",1916,0.0388618
"H2",1917,0.0164415
"H2",1918,0.01038875
"H2",1919,0.02198825
"H2",1920,0.04107635
"H2",1921,0.0459215
"H2",1922,0.0081655
"H2",1923,0.0101505
"H2",1924,0.0236655275
"H2",1925,0.037180555
"H2",1926,0.0506955825
"H2",1927,0.06421061
"H2",1928,0.08902445
"H2",1929,0.11522584
"H2",1930,0.10673327
"H2",1931,0.11978605
"H2",1932,0.18664307
"H2",1933,0.16908431
"H2",1934,0.13522809
"H2",1935,0.03586825
"H2",1936,0.04782151
"H2",1937,0.05763745
"H2",1938,0.0846097
"H2",1939,0.09995007
"H2",1940,0.09978336
"H2",1941,0.0984077
"H2",1942,0.08022946
"H2",1943,0.0607439
"H2",1944,0.06923283
"H2",1945,0.08344113
"H2",1946,0.09992135
"H2",1947,0.08921939
"H2",1948,0.071020165
"H2",1949,0.05282094
"H2",1950,0.051854
"H2",1951,0.02323875
"H2",1952,0.01202174
"H2",1953,0.0125415925
"H2",1954,0.013061445
"H2",1955,0.0135812975
"H2",1956,0.01410115
"H2",1957,0.0107105
"H2",1958,0.03481195
"H2",1959,0.03067695
"H2",1960,0.0541068
"H2",1961,0.0445146
"H2",1962,0.08206095
"H2",1963,0.0798804666666667
"H2",1964,0.0776999833333333
"H2",1965,0.0755195
"H2",1966,0.0677205
"H2",1967,0.073268
"H2",1968,0.0599575
"H2",1969,0.02205225
"H2",1970,0.0154445
"H2",1971,0.047931
"H2",1972,0.004905
"H2",1973,0.013363
"H2",1974,0.0472945
"H2",1975,0.0194275
"H2",1976,0.0112355
"H2",1977,0.0132285
"H2",1978,0.06655425
"H2",1979,0.11988
"H2",1995,0.080453660116619
"H2",2001,0
"H2",2006,0.002231145020009
"H2",2011,0.005773720009052
"H2",2016,7.6890003171e-05
"H3",1916,0.0289145
"H3",1917,0.01967851
"H3",1918,0.01493865
"H3",1919,0.022176
"H3",1920,0.03359065
"H3",1921,0.0306505
"H3",1922,0.00374825
"H3",1923,0.0069911
"H3",1924,0.01023395
"H3",1925,0.0134768
"H3",1926,0.01671965
"H3",1927,0.0199625
"H3",1928,0.035475
"H3",1929,0.07022405
"H3",1930,0.07170642
"H3",1931,0.05359166
"H3",1932,0.0582303
"H3",1933,0.05439518
"H3",1934,0.04424058
"H3",1935,0.013169
"H3",1936,0.03398113
"H3",1937,0.05806338
"H3",1938,0.052926
"H3",1939,0.07134713
"H3",1940,0.07198604
"H3",1941,0.08470305
"H3",1942,0.07462212
"H3",1943,0.05876227
"H3",1944,0.062963
"H3",1945,0.0781445
"H3",1946,0.08122836
"H3",1947,0.08060649
"H3",1948,0.07007947
"H3",1949,0.05955245
"H3",1950,0.036078
"H3",1951,0.0144925
"H3",1952,0.010973
"H3",1953,0.008733625
"H3",1954,0.00649425
"H3",1955,0.004254875
"H3",1956,0.0020155
"H3",1957,0.0045109
"H3",1958,0.0205855
"H3",1959,0.01940054
"H3",1960,0.007098
"H3",1961,0.00163
"H3",1962,0.006383
"H3",1963,0.007333625
"H3",1964,0.00828425
"H3",1965,0.009234875
"H3",1966,0.0101855
"H3",1967,0.00987091
"H3",1968,0.011726305
"H3",1969,0.0135817
"H3",1970,0.0199505
"H3",1971,0.005311
"H3",1972,0.015188
"H3",1973,0.02536205
"H3",1974,0.055718
"H3",1975,0.1436245
"H3",1976,0.0126254
"H3",1977,0.0307655
"H3",1978,0.028764725
"H3",1979,0.02676395
"H3",1995,0.03056363243558
"H3",2001,0.011752974904716
"H3",2006,0.006016020016772
"H3",2011,0.007729444933769
"H3",2016,0.007183910025562
"I1",1916,0.060053
"I1",1917,0.037991
"I1",1918,0.05268315
"I1",1919,0.06671917
"I1",1920,0.08444248
"I1",1921,0.06715966
"I1",1922,0.0137107
"I1",1923,0.02346319
"I1",1924,0.02558
"I1",1925,0.03892989
"I1",1926,0.05622426
"I1",1927,0.06787344
"I1",1928,0.0956305
"I1",1929,0.16284278
"I1",1930,0.10064598
"I1",1931,0.13072732
"I1",1932,0.12605717
"I1",1933,0.16788542
"I1",1934,0.0544048
"I1",1935,0.06931711
"I1",1936,0.11860561
"I1",1937,0.12475885
"I1",1938,0.18708285
"I1",1939,0.089996
"I1",1940,0.11620123
"I1",1941,0.1253277
"I1",1942,0.06995826
"I1",1943,0.0455657
"I1",1944,0.06485405
"I1",1945,0.059524
"I1",1946,0.0663049
"I1",1947,0.07909975
"I1",1948,0.04338763
"I1",1949,0.0734499
"I1",1950,0.0866277
"I1",1951,0.07184793
"I1",1952,0.03332336
"I1",1953,0.011743
"I1",1954,0.00041453
"I1",1955,0.004091
"I1",1956,0.004812
"I1",1957,0.004111
"I1",1958,0.009786
"I1",1959,0.0043575
"I1",1960,0.0043921
"I1",1961,0.0226505
"I1",1962,0.02527142
"I1",1963,0.0210549466666666
"I1",1964,0.0168384733333334
"I1",1965,0.012622
"I1",1966,0.02021835
"I1",1967,0.01965055
"I1",1968,0.0084185
"I1",1969,0.0011065
"I1",1970,0.01175345
"I1",1971,0.002474
"I1",1972,0.0066215
"I1",1973,0.01356
"I1",1974,0.010685925
"I1",1975,0.00781185
"I1",1976,0.005573
"I1",1977,0.012086
"I1",1978,0.0039405
"I1",1979,0.0194675
"I1",1995,0.003560400743986
"I1",2001,0.002512620110793
"I1",2006,0.002880304990638
"I1",2011,0.00405039004552
"I1",2016,0.001183114990311
"I2",1916,0.013572
"I2",1917,0.011333
"I2",1918,0.0263343
"I2",1919,0.02925295
"I2",1920,0.03225382
"I2",1921,0.03739265
"I2",1922,0.0125555
"I2",1923,0.0181735
"I2",1924,0.0235265
"I2",1925,0.02000594
"I2",1926,0.04869371
"I2",1927,0.06718925
"I2",1928,0.08135051
"I2",1929,0.08237498
"I2",1930,0.05159095
"I2",1931,0.03954211
"I2",1932,0.07298801
"I2",1933,0.07504375
"I2",1934,0.0249865
"I2",1935,0.016238
"I2",1936,0.02468475
"I2",1937,0.0271916
"I2",1938,0.038332
"I2",1939,0.02790775
"I2",1940,0.0296265
"I2",1941,0.01609643
"I2",1942,0.01776145
"I2",1943,0.02693906
"I2",1944,0.03932455
"I2",1945,0.041696
"I2",1946,0.0252775
"I2",1947,0.03248355
"I2",1948,0.0136375
"I2",1949,0.0137846
"I2",1950,0.007396
"I2",1951,0.003385
"I2",1952,0.002996
"I2",1953,0.0028625
"I2",1954,0.002729
"I2",1955,0.0025955
"I2",1956,0.002462
"I2",1957,0.00068809
"I2",1958,0.0093802
"I2",1959,0.0088075
"I2",1960,0.0044862
"I2",1961,0.004436
"I2",1962,0.0131535
"I2",1963,0.008769
"I2",1964,0.0043845
"I2",1965,0
"I2",1966,0
"I2",1967,0.0013435
"I2",1968,0.003687
"I2",1969,0.0045085
"I2",1970,0.008897
"I2",1971,0.0062215
"I2",1972,0.017182
"I2",1973,0.028854
"I2",1974,0.0726185
"I2",1975,0.038462
"I2",1976,0.0089384
"I2",1977,0.0048615
"I2",1978,0.008277
"I2",1979,0.03642484
"I2",1995,0.017825479060319
"I2",2001,0.021374591250607
"I2",2006,0.024031485036547
"I2",2011,0.000469255006992
"I2",2016,0
"I3",1916,0.0781027
"I3",1917,0.083996225
"I3",1918,0.08988975
"I3",1919,0.06959106
"I3",1920,0.12112475
"I3",1921,0.12541023
"I3",1922,0.0108875
"I3",1923,0.03458169
"I3",1924,0.13529705
"I3",1925,0.11791938
"I3",1926,0.19747085
"I3",1927,0.21367998
"I3",1928,0.22403907
"I3",1929,0.27076203
"I3",1930,0.24134581
"I3",1931,0.25602269
"I3",1932,0.27962644
"I3",1933,0.2993328
"I3",1934,0.1500903
"I3",1935,0.06163428
"I3",1936,0.1072235
"I3",1937,0.11125583
"I3",1938,0.26206099
"I3",1939,0.15942255
"I3",1940,0.16504743
"I3",1941,0.23646884
"I3",1942,0.15115739
"I3",1943,0.1155848
"I3",1944,0.09895532
"I3",1945,0.11971554
"I3",1946,0.10382804
"I3",1947,0.12719298
"I3",1948,0.04496814
"I3",1949,0.0443668
"I3",1950,0.06260251
"I3",1951,0.05746465
"I3",1952,0.04827715
"I3",1953,0.0312644
"I3",1954,0.07174428
"I3",1955,0.07279995
"I3",1956,0.10099325
"I3",1957,0.05923931
"I3",1958,0.0838946
"I3",1959,0.09829955
"I3",1960,0.1127045
"I3",1961,0.08349445
"I3",1962,0.18601235
"I3",1963,0.166873966666666
"I3",1964,0.147735583333334
"I3",1965,0.1285972
"I3",1966,0.11792392
"I3",1967,0.09341705
"I3",1968,0.08934758
"I3",1969,0.0842415
"I3",1970,0.1253218
"I3",1971,0.07778667
"I3",1972,0.08495255
"I3",1973,0.12121665
"I3",1974,0.25895751
"I3",1975,0.2024383
"I3",1976,0.14738658
"I3",1977,0.15808471
"I3",1978,0.13608085
"I3",1979,0.18490781
"I3",1995,0.091949857709141
"I3",2001,0.132664439040211
"I3",2006,0.216674844933048
"I3",2011,0.152375850042045
"I3",2016,0.080401254951777
"I4",1916,0.076035
"I4",1917,0.09512522
"I4",1918,0.10996296
"I4",1919,0.0589454
"I4",1920,0.07908845
"I4",1921,0.08930863
"I4",1922,0.0125781
"I4",1923,0.00672565
"I4",1924,0.01559206
"I4",1925,0.01775925
"I4",1926,0.04437563
"I4",1927,0.05564875
"I4",1928,0.06614585
"I4",1929,0.09377052
"I4",1930,0.13715703
"I4",1931,0.11377458
"I4",1932,0.19554225
"I4",1933,0.17203341
"I4",1934,0.09935669
"I4",1935,0.0887155
"I4",1936,0.13049465
"I4",1937,0.09284054
"I4",1938,0.1377048
"I4",1939,0.11918703
"I4",1940,0.15195222
"I4",1941,0.15046318
"I4",1942,0.11817746
"I4",1943,0.09593341
"I4",1944,0.14070646
"I4",1945,0.14716223
"I4",1946,0.12449029
"I4",1947,0.15288007
"I4",1948,0.04382249
"I4",1949,0.09889336
"I4",1950,0.05813975
"I4",1951,0.02596
"I4",1952,0.0424077
"I4",1953,0.042458025
"I4",1954,0.04250835
"I4",1955,0.042558675
"I4",1956,0.042609
"I4",1957,0.0141425
"I4",1958,0.06440602
"I4",1959,0.06845719
"I4",1960,0.0738533
"I4",1961,0.05856838
"I4",1962,0.1280954
"I4",1963,0.11951831
"I4",1964,0.11094122
"I4",1965,0.10236413
"I4",1966,0.13433076
"I4",1967,0.0415435
"I4",1968,0.014274
"I4",1969,0.0183765
"I4",1970,0.0199405
"I4",1971,0.02304307
"I4",1972,0.04602
"I4",1973,0.0518315
"I4",1974,0.078040025
"I4",1975,0.10424855
"I4",1976,0.107182
"I4",1977,0.09163265
"I4",1978,0.08976868
"I4",1979,0.0722008
"I4",1995,0.047803411863697
"I4",2001,0.010765431285108
"I4",2006,0.043612259972549
"I4",2011,0.001492814995028
"I4",2016,0.001134139983988
"I5",1916,0.05231205
"I5",1917,0.040269
"I5",1918,0.03234698
"I5",1919,0.015024
"I5",1920,0.02680544
"I5",1921,0.02142475
"I5",1922,0.0033965
"I5",1923,0.0037565
"I5",1924,0.00763832
"I5",1925,0.0118634
"I5",1926,0.03533361
"I5",1927,0.0587789
"I5",1928,0.06809842
"I5",1929,0.07741794
"I5",1930,0.07621495
"I5",1931,0.08466797
"I5",1932,0.0784163
"I5",1933,0.095342
"I5",1934,0.04495703
"I5",1935,0.0275055
"I5",1936,0.0469325
"I5",1937,0.026864
"I5",1938,0.04136085
"I5",1939,0.03863714
"I5",1940,0.0438002
"I5",1941,0.039383
"I5",1942,0.03582835
"I5",1943,0.054265
"I5",1944,0.0872095
"I5",1945,0.11277996
"I5",1946,0.10977956
"I5",1947,0.12120225
"I5",1948,0.062897
"I5",1949,0.07528355
"I5",1950,0.05712605
"I5",1951,0.0774255
"I5",1952,0.027603
"I5",1953,0.027678025
"I5",1954,0.02775305
"I5",1955,0.027828075
"I5",1956,0.0279031
"I5",1957,0.0040395
"I5",1958,0.0148369
"I5",1959,0.00725735
"I5",1960,0.0055225
"I5",1961,0.00851177
"I5",1962,0.06988931
"I5",1963,0.0696860233333333
"I5",1964,0.0694827366666667
"I5",1965,0.06927945
"I5",1966,0.03069426
"I5",1967,0.0112535
"I5",1968,0.007241
"I5",1969,0.00415239
"I5",1970,0.00106378
"I5",1971,0.015535
"I5",1972,0.004259
"I5",1973,0.0141385
"I5",1974,0.047349
"I5",1975,0.021056
"I5",1976,0.0137715
"I5",1977,0.01712651
"I5",1978,0.01267045
"I5",1979,0.0245605
"I5",1995,0.001999809897192
"I5",2001,0
"I5",2006,0.003068420006337
"I5",2011,0
"I5",2016,0
"I6",1916,0.0417025
"I6",1917,0.026936
"I6",1918,0.039474
"I6",1919,0.0378965
"I6",1920,0.026638
"I6",1921,0.0672023
"I6",1922,0.02568315
"I6",1923,0.0192184
"I6",1924,0.03218103
"I6",1925,0.0304325
"I6",1926,0.05489335
"I6",1927,0.07253834
"I6",1928,0.10465128
"I6",1929,0.13676422
"I6",1930,0.09995958
"I6",1931,0.10514428
"I6",1932,0.11657025
"I6",1933,0.08431419
"I6",1934,0.08767056
"I6",1935,0.0371715
"I6",1936,0.05582165
"I6",1937,0.04485422
"I6",1938,0.05264955
"I6",1939,0.04539446
"I6",1940,0.06059063
"I6",1941,0.0484018
"I6",1942,0.05888695
"I6",1943,0.05361424
"I6",1944,0.07954957
"I6",1945,0.07283359
"I6",1946,0.08141972
"I6",1947,0.10259607
"I6",1948,0.03512104
"I6",1949,0.08147106
"I6",1950,0.03942175
"I6",1951,0.05285862
"I6",1952,0.00655661
"I6",1953,0.0049174575
"I6",1954,0.003278305
"I6",1955,0.0016391525
"I6",1956,0
"I6",1957,0
"I6",1958,0.00035
"I6",1959,5e-05
"I6",1960,0.001219
"I6",1961,0.00244885
"I6",1962,0.0098165
"I6",1963,0.0286018333333333
"I6",1964,0.0473871666666667
"I6",1965,0.0661725
"I6",1966,0.1328611
"I6",1967,0.03116245
"I6",1968,0.0694385
"I6",1969,0.034282
"I6",1970,0.05633806
"I6",1971,0.05472405
"I6",1972,0.02182996
"I6",1973,0.028296
"I6",1974,0.1031821
"I6",1975,0.067924
"I6",1976,0.0401517
"I6",1977,0.04502001
"I6",1978,0.04988832
"I6",1979,0.0930131
"I6",1995,0.000555323673703
"I6",2001,0.003193845099304
"I6",2006,0.00482511501749
"I6",2011,0.023177054902122
"I6",2016,0.000560225000791
"I7",1916,0.02935415
"I7",1917,0.0125763
"I7",1918,0.012359
"I7",1919,0.0160578
"I7",1920,0.03021405
"I7",1921,0.04203947
"I7",1922,0.0205896
"I7",1923,0.008131
"I7",1924,0.0156742
"I7",1925,0.02165351
"I7",1926,0.04463927
"I7",1927,0.07393053
"I7",1928,0.13696741
"I7",1929,0.18247023
"I7",1930,0.19022293
"I7",1931,0.19402288
"I7",1932,0.21200937
"I7",1933,0.18972436
"I7",1934,0.1408055
"I7",1935,0.0693368
"I7",1936,0.10682361
"I7",1937,0.0855735
"I7",1938,0.097925
"I7",1939,0.07443481
"I7",1940,0.09292777
"I7",1941,0.06308813
"I7",1942,0.04010633
"I7",1943,0.047018
"I7",1944,0.0703675
"I7",1945,0.07458445
"I7",1946,0.10017746
"I7",1947,0.12812952
"I7",1948,0.050615
"I7",1949,0.071869
"I7",1950,0.08799654
"I7",1951,0.0802926
"I7",1952,0.037121
"I7",1953,0.035110875
"I7",1954,0.03310075
"I7",1955,0.031090625
"I7",1956,0.0290805
"I7",1957,0.00289
"I7",1958,0.0204955
"I7",1959,0.0097425
"I7",1960,0.008236
"I7",1961,0.0153295
"I7",1962,0.055608
"I7",1963,0.0487926666666666
"I7",1964,0.0419773333333334
"I7",1965,0.035162
"I7",1966,0.0476416
"I7",1967,0.0390343
"I7",1968,0.03285
"I7",1969,0.0163535
"I7",1970,0.0236875
"I7",1971,0.02895945
"I7",1972,0.0045625
"I7",1973,0.0114545
"I7",1974,0.02424004
"I7",1975,0.0650498
"I7",1976,0.04691905
"I7",1977,0.086763
"I7",1978,0.05533003
"I7",1979,0.0605871
"I7",1995,0.008761149773664
"I7",2001,0.002160309257078
"I7",2006,0.001275789985115
"I7",2011,0.011565150041056
"I7",2016,5e-05
"J1",1916,0.0556505
"J1",1917,0.07642646
"J1",1918,0.04902913
"J1",1919,0.02617885
"J1",1920,0.05974603
"J1",1921,0.0671938
"J1",1922,0.003797
"J1",1923,0.001164
"J1",1924,0.0024475
"J1",1925,0.0034485
"J1",1926,0.0222775
"J1",1927,0.0238241
"J1",1928,0.04379265
"J1",1929,0.05373748
"J1",1930,0.02620734
"J1",1931,0.03303442
"J1",1932,0.07413415
"J1",1933,0.08511085
"J1",1934,0.06342555
"J1",1935,0.0274815
"J1",1936,0.03747575
"J1",1937,0.0520743
"J1",1938,0.09045315
"J1",1939,0.04005737
"J1",1940,0.05988521
"J1",1941,0.05152231
"J1",1942,0.04317265
"J1",1943,0.04208732
"J1",1944,0.05803259
"J1",1945,0.07561695
"J1",1946,0.07387761
"J1",1947,0.07213827
"J1",1948,0.04134555
"J1",1949,0.07425606
"J1",1950,0.01134841
"J1",1951,0.021541
"J1",1952,0.00066742
"J1",1953,0.00163349
"J1",1954,0.00259956
"J1",1955,0.00356563
"J1",1956,0.0045317
"J1",1957,0
"J1",1958,0.014154
"J1",1959,0.0022565
"J1",1960,0.0098015
"J1",1961,0
"J1",1962,0.007727
"J1",1963,0.0069054875
"J1",1964,0.006083975
"J1",1965,0.0052624625
"J1",1966,0.00444095
"J1",1967,0.0173395
"J1",1968,5e-05
"J1",1969,2.5e-05
"J1",1970,0.01221225
"J1",1971,0.0243995
"J1",1972,0.010272
"J1",1973,0.01559175
"J1",1974,0.0209115
"J1",1975,0
"J1",1976,0.04883095
"J1",1977,0.01786825
"J1",1978,0.016559
"J1",1979,0.1075402
"J1",1995,0.002010451132694
"J1",2001,0
"J1",2006,0.0020943649933
"J1",2011,0
"J1",2016,0
"J22",1916,0.06403268
"J22",1917,0.05461884
"J22",1918,0.045205
"J22",1919,0.059789
"J22",1920,0.05795046
"J22",1921,0.05611192
"J22",1922,0.005003
"J22",1923,0.021882522
"J22",1924,0.038762044
"J22",1925,0.055641566
"J22",1926,0.072521088
"J22",1927,0.08940061
"J22",1928,0.10623222
"J22",1929,0.15164011
"J22",1930,0.11255684
"J22",1931,0.11949841
"J22",1932,0.07927463
"J22",1933,0.11270312
"J22",1934,0.04999971
"J22",1935,0.03391645
"J22",1936,0.05836571
"J22",1937,0.05958312
"J22",1938,0.08512465
"J22",1939,0.0502619
"J22",1940,0.02852
"J22",1941,0.01670525
"J22",1942,0.011586125
"J22",1943,0.006467
"J22",1944,0.0136385
"J22",1945,0.011907
"J22",1946,0.0335425
"J22",1947,0.01234825
"J22",1948,0.015028975
"J22",1949,0.0177097
"J22",1950,0.0166855
"J22",1951,0.014057
"J22",1952,0.03144075
"J22",1953,0.035558625
"J22",1954,0.0396765
"J22",1955,0.05689674
"J22",1956,0.0668885
"J22",1957,0.07276477
"J22",1958,0.0810558
"J22",1959,0.078699
"J22",1960,0.10209067
"J22",1961,0.2026587
"J22",1962,0.210927025
"J22",1963,0.21919535
"J22",1964,0.227463675
"J22",1965,0.235732
"J22",1966,0.16301115
"J22",1967,0.0902903
"J22",1968,0.01756945
"J22",1969,0.002376
"J22",1970,0.0075408
"J22",1971,0.0190143
"J22",1972,0.002168
"J22",1973,0.01571675
"J22",1974,0.0292655
"J22",1975,0.02105796
"J22",1976,0.003507
"J22",1977,0.00939405
"J22",1978,0.01083739
"J22",1979,0.01968145
"J22",1995,0.027947872412825
"J22",2001,0.015745112749642
"J22",2006,0.014607589960055
"J22",2011,0.006578450004252
"J22",2016,0.008748709993624
"J8",1916,0.07273905
"J8",1917,0.08404506
"J8",1918,0.06133732
"J8",1919,0.04290775
"J8",1920,0.0636648
"J8",1921,0.08425385
"J8",1922,0.01601125
"J8",1923,0.0050575
"J8",1924,0.01228725
"J8",1925,0.01806585
"J8",1926,0.04090268
"J8",1927,0.022625
"J8",1928,0.0378066
"J8",1929,0.04461623
"J8",1930,0.04782443
"J8",1931,0.0579136
"J8",1932,0.07283191
"J8",1933,0.0533057
"J8",1934,0.06058245
"J8",1935,0.02815225
"J8",1936,0.0325165
"J8",1937,0.0348529
"J8",1938,0.0620256
"J8",1939,0.03155787
"J8",1940,0.0350034
"J8",1941,0.03799888
"J8",1942,0.04656225
"J8",1943,0.05654674
"J8",1944,0.08823835
"J8",1945,0.08929384
"J8",1946,0.0807647
"J8",1947,0.07194685
"J8",1948,0.040315
"J8",1949,0.05201804
"J8",1950,0.04199785
"J8",1951,0.0375495
"J8",1952,0.006294
"J8",1953,0.0069807375
"J8",1954,0.007667475
"J8",1955,0.0083542125
"J8",1956,0.00904095
"J8",1957,0.0003805
"J8",1958,0
"J8",1959,0
"J8",1960,0.000925
"J8",1961,0.00197125
"J8",1962,0.0030175
"J8",1963,0.00201166666666667
"J8",1964,0.00100583333333333
"J8",1965,0
"J8",1966,0
"J8",1967,3.75e-05
"J8",1968,7.5e-05
"J8",1969,5e-05
"J8",1970,6e-04
"J8",1971,0
"J8",1972,0.000175
"J8",1973,0.0002979
"J8",1974,0.0004208
"J8",1975,0.0272335
"J8",1976,0.01033425
"J8",1977,0.020281
"J8",1978,0.04011465
"J8",1979,0.0456199
"J8",1995,0.007722898922309
"J8",2001,0.004614952635806
"J8",2006,0.00309616998321
"J8",2011,0
"J8",2016,0
"J9",1916,0.08632865
"J9",1917,0.0756386
"J9",1918,0.06494855
"J9",1919,0.06335945
"J9",1920,0.07814795
"J9",1921,0.08238896
"J9",1922,0.0187785
"J9",1923,0.025569304
"J9",1924,0.032360108
"J9",1925,0.039150912
"J9",1926,0.045941716
"J9",1927,0.05273252
"J9",1928,0.07075992
"J9",1929,0.08302547
"J9",1930,0.0401115
"J9",1931,0.05613384
"J9",1932,0.0494503
"J9",1933,0.041756
"J9",1934,0.03357546
"J9",1935,0.01632695
"J9",1936,0.04577898
"J9",1937,0.05749895
"J9",1938,0.08136219
"J9",1939,0.04710919
"J9",1940,0.0647579
"J9",1941,0.07799677
"J9",1942,0.06936
"J9",1943,0.0623515
"J9",1944,0.06348928
"J9",1945,0.08731835
"J9",1946,0.123391
"J9",1947,0.06534355
"J9",1948,0.0245707
"J9",1949,0.03016894
"J9",1950,0.022378
"J9",1951,0.0200909
"J9",1952,0.0143185
"J9",1953,0.012887
"J9",1954,0.0114555
"J9",1955,0.010024
"J9",1956,0.0085925
"J9",1957,0.0093215
"J9",1958,0.0260545
"J9",1959,0.030543
"J9",1960,0.0216815
"J9",1961,0.0424956
"J9",1962,0.01724278
"J9",1963,0.01649602
"J9",1964,0.01574926
"J9",1965,0.0150025
"J9",1966,0.0146453333333333
"J9",1967,0.0142881666666667
"J9",1968,0.013931
"J9",1969,0.01355305
"J9",1970,0.013663
"J9",1971,0.0020317
"J9",1972,0
"J9",1973,0.000475435
"J9",1974,0.00095087
"J9",1975,0
"J9",1976,0
"J9",1977,0
"J9",1978,0
"J9",1979,0
"J9",1995,0.006359209146693
"J9",2001,0
"J9",2006,0.00113138001106
"J9",2011,0.003026420028657
"J9",2016,0.000109330010118
"K3",1916,0.04082481
"K3",1917,0.02070672
"K3",1918,0.01502576
"K3",1919,0.013274
"K3",1920,0.02189372
"K3",1921,0.03169343
"K3",1922,0.0156893
"K3",1923,0.01680625
"K3",1924,0.02032655
"K3",1925,0.03350181
"K3",1926,0.07305152
"K3",1927,0.10530101
"K3",1928,0.12292992
"K3",1929,0.14039069
"K3",1930,0.11692938
"K3",1931,0.09699374
"K3",1932,0.11481818
"K3",1933,0.13136506
"K3",1934,0.09207085
"K3",1935,0.02683016
"K3",1936,0.05314168
"K3",1937,0.0649203
"K3",1938,0.16813394
"K3",1939,0.08823387
"K3",1940,0.06765132
"K3",1941,0.06363133
"K3",1942,0.07551135
"K3",1943,0.040093
"K3",1944,0.04728478
"K3",1945,0.0547212
"K3",1946,0.0387144
"K3",1947,0.0489705
"K3",1948,0.0279955
"K3",1949,0.0070205
"K3",1950,0.001733
"K3",1951,0.005652
"K3",1952,0
"K3",1953,0
"K3",1954,0
"K3",1955,0
"K3",1956,0
"K3",1957,0
"K3",1958,0.00502355
"K3",1959,0.00466258
"K3",1960,0
"K3",1961,0.0309745
"K3",1962,0
"K3",1963,0.00035125
"K3",1964,0.0007025
"K3",1965,0.00105375
"K3",1966,0.001405
"K3",1967,0.00641705
"K3",1968,0.003343025
"K3",1969,0.000269
"K3",1970,0.018306
"K3",1971,0.001965
"K3",1972,0.0149089833333333
"K3",1973,0.0278529666666667
"K3",1974,0.04079695
"K3",1975,0.03226619
"K3",1976,0.02373543
"K3",1977,0.055802
"K3",1978,0.055802
"K3",1979,0.055802
"K3",1995,0.007287975585132
"K3",2001,0.00300227101377
"K3",2006,0.010178190016311
"K3",2011,0
"K3",2016,0.004718175022116
"N3",1916,0.08275845999897
"N3",1917,0.054070339899091
"N3",1918,0.015965909998336
"N3",1919,0.020471555061484
"N3",1920,0.037652005042129
"N3",1921,0.051325645014198
"N3",1922,0.018246795050517
"N3",1923,0.019968320033309
"N3",1924,0.033358534998618
"N3",1925,0.034502849971503
"N3",1926,0.084239420046752
"N3",1927,0.087819209882208
"N3",1928,0.094203199963519
"N3",1929,0.107331443271754
"N3",1930,0.120459686579988
"N3",1931,0.133587929888223
"N3",1932,0.191953815083707
"N3",1933,0.186541714983022
"N3",1934,0.111343624910087
"N3",1935,0.063770929946723
"N3",1936,0.11910285484585
"N3",1937,0.111951924913787
"N3",1938,0.102064895002484
"N3",1939,0.090198100109875
"N3",1940,0.097675074905403
"N3",1941,0.090763509924997
"N3",1942,0.126518644781496
"N3",1943,0.083769459962709
"N3",1944,0.112856884916354
"N3",1945,0.139209169942767
"N3",1946,0.128133279869704
"N3",1947,0.113017784924533
"N3",1948,0.036396319925847
"N3",1949,0.066267060007371
"N3",1950,0.102633764889755
"N3",1951,0.043840324988446
"N3",1952,0.0403094450134894
"N3",1953,0.0367785650385328
"N3",1954,0.0332476850635762
"N3",1955,0.0297168050886196
"N3",1956,0.026185925113663
"N3",1957,0.00037243500336
"N3",1958,0.081358419980941
"N3",1959,0.118204645009132
"N3",1960,0.0633137100085085
"N3",1961,0.008422775007885
"N3",1962,0.006738220006308
"N3",1963,0.005053665004731
"N3",1964,0.003369110003154
"N3",1965,0.001684555001577
"N3",1966,0
"N3",1967,3.75e-05
"N3",1968,7.5e-05
"N3",1969,3.75e-05
"N3",1970,0
"N3",1971,0.002619580026516
"N3",1972,0.02264733503881
"N3",1973,0.0357893375001365
"N3",1974,0.048931339961463
"N3",1975,0.105703395072704
"N3",1976,0.043209689887264
"N3",1977,0.042010690008338
"N3",1978,0.096412704862399
"N3",1979,0.048027894769115
"N3",1995,0.025715396286436
"N3",2001,0.027983594630996
"N3",2006,0.009689494984701
"N3",2011,0.018279615013101
"N3",2016,0
